58,20010357,01/01/2020,30/07/2021,34
59,19090417,01/09/2019,30/09/2022,101
61,9045041,01/12/2019,30/06/2021,10
61,9045056,01/10/2020,30/04/2022,6
75,20020381,01/02/2020,28/02/2022,7
89,19080195,01/08/2019,30/08/2021,55
90,20050569,01/04/2020,30/04/2022,2
128,AD-030/20,01/11/2020,30/10/2022,31
130,2027183,01/06/2020,30/06/2022,58
132,20101043,01/10/2020,30/10/2022,25
132,20110782,01/11/2020,30/11/2022,47
132,20110924,01/11/2020,30/11/2022,153
151,20030376,01/03/2020,30/03/2022,2
156,19010648,01/01/2019,30/01/2022,21
168,2501179,01/09/2019,30/09/2021,53
168,2501184,01/10/2019,30/10/2021,19
168,2501185,01/11/2019,30/11/2021,35
168,2501186,01/11/2019,30/11/2021,25
168,2501187,01/11/2019,30/11/2021,1
168,2501188,01/12/2019,30/12/2021,10
168,2501190,01/01/2020,30/01/2022,26
168,2501193,01/06/2020,30/06/2022,28
168,2501194,01/06/2020,30/06/2022,6
181,8985060,01/01/2020,30/01/2022,13
181,8985061,01/04/2020,30/04/2022,30
188,2022454,01/06/2020,30/06/2022,134
188,2035974,01/09/2020,30/09/2022,360
228,AP-304/20,01/09/2020,30/08/2022,4
240,9069336,01/02/2020,28/02/2022,12
240,9069352,01/03/2020,30/03/2022,937
240,9069358,01/04/2020,30/04/2022,140
241,9068089,01/04/2020,30/04/2022,1440
241,9068091,01/11/2020,30/11/2022,14
281,20F01F,01/06/2020,30/06/2022,1
281,20F02R,01/06/2020,30/06/2022,1200
281,20F15M,01/06/2020,30/06/2022,1789
281,20F17M,01/06/2020,30/06/2022,2058
302,25961340,01/04/2020,30/04/2022,270
302,25961341,01/04/2020,30/04/2022,516
302,25961344,01/05/2020,30/05/2022,194
302,2596582,01/12/2014,30/12/2016,2
315,AG-009/20,01/09/2020,28/02/2022,200
322,AP-390/20M,01/12/2020,30/11/2022,611
333,BDJ,01/09/2019,30/08/2021,2
334,20J11058D,01/10/2020,30/10/2022,98
345,20H10880D,01/08/2020,30/08/2022,10
345,20I10923D,01/09/2020,30/09/2022,252
345,20I10952D,01/09/2020,30/09/2022,252
345,20I11009D,01/09/2020,30/09/2022,252
345,20J11046D,01/10/2020,30/10/2022,352
345,20J11088D,01/10/2020,30/10/2022,453
345,20L9211C,01/11/2020,30/11/2022,57
345,20L9215C,01/11/2020,30/11/2022,443
345,20L9230C,01/11/2020,30/11/2022,208
345,20L9231C,01/11/2020,30/11/2022,42
345,20L9235C,01/11/2020,30/11/2022,145
345,20L9239C,01/11/2020,30/11/2022,448
345,20L9243C,01/11/2020,30/11/2022,133
345,20L9244C,01/11/2020,30/11/2022,367
345,20L9249C,01/11/2020,30/11/2022,347
345,20L9251C,01/11/2020,30/11/2022,408
345,20L9252C,01/11/2020,30/11/2022,435
345,20L9254C,01/11/2020,30/11/2022,232
345,20M9255C,01/12/2020,30/12/2022,18
345,20M9271C,01/12/2020,30/12/2022,92
345,20M9280C,01/12/2020,30/12/2022,438
345,20M9282C,01/12/2020,30/12/2022,440
345,20M9307C,01/12/2020,30/12/2022,448
345,20M9311C,01/12/2020,30/12/2022,438
345,20M9314C,01/12/2020,30/12/2022,432
345,21A8004C,01/01/2021,30/01/2023,217
345,21A8005C,01/01/2021,30/01/2023,435
345,21A8007C,01/01/2021,30/01/2023,348
345,21A8024C,01/01/2021,30/01/2023,339
345,21A8025C,01/01/2021,30/01/2023,161
345,21A8033C,01/01/2021,30/01/2023,112
345,21A8035C,01/01/2021,30/01/2023,445
345,21A8036C,01/01/2021,30/01/2023,448
345,21A8037C,01/01/2021,30/01/2023,439
345,21A8038C,01/01/2021,30/01/2023,56
345,21A8043C,01/01/2021,30/01/2023,333
345,21A8044C,01/01/2021,30/01/2023,320
345,21A8049C,01/01/2021,30/01/2023,259
345,21A8052C,01/01/2021,30/01/2023,17
345,21A8054C,01/01/2021,30/01/2023,450
345,21A8055C,01/01/2021,30/01/2023,300
358,2006645,01/02/2020,28/02/2022,0
360,5198379,01/05/2020,30/05/2022,6
369,20040547,01/04/2020,30/04/2022,41
430,HSP,01/11/2020,30/10/2022,178
430,HSQ,01/11/2020,30/10/2022,227
438,11504820,01/02/2020,28/02/2022,3
438,11509320,01/04/2020,30/04/2022,103
438,11513620,01/06/2020,30/06/2022,928
438,11514720,01/06/2020,30/06/2022,927
438,11514820,01/06/2020,30/06/2022,932
438,11514920,01/06/2020,30/06/2022,865
438,11515020,01/06/2020,30/06/2022,930
442,0297504,01/04/2015,30/04/2017,2
445,20J9096C,01/10/2020,30/10/2022,53
445,20J9097C,01/10/2020,30/10/2022,89
445,20J9144C,01/10/2020,30/10/2022,160
451,2014408,01/04/2020,30/04/2022,6
451,2021596,01/06/2020,30/06/2022,491
484,2505601,01/01/2020,30/01/2022,33
484,2505607,01/02/2020,28/02/2022,1
484,2505624,01/03/2020,30/03/2022,561
484,2505626,01/04/2020,30/04/2022,391
486,78PA0062,01/01/2020,30/01/2022,120
486,78PA0063,01/01/2020,30/01/2022,9
491,AX580,01/10/2019,30/09/2021,0
491,AY447,01/06/2020,30/05/2022,102
501,9070099,01/07/2020,30/07/2022,59
501,9070100,01/07/2020,30/07/2022,192
502,2595494,01/09/2020,30/03/2022,582
502,2595497,01/09/2020,30/03/2022,6
502,2595509,01/09/2020,30/03/2022,57
538,20C44Q,01/03/2020,30/09/2021,359
538,20C45Q,01/03/2020,30/09/2021,2
538,20C676,01/03/2020,30/09/2021,190
546,20030084,01/03/2020,30/03/2023,1595
546,20050508,01/05/2020,30/05/2023,411
547,20060028,01/06/2020,30/06/2023,10
547,20060032,01/06/2020,30/06/2023,624
547,20080009,01/08/2020,30/08/2023,1416
558,20K37G,01/11/2020,30/11/2022,1536
558,20K58J,01/11/2020,30/11/2022,792
558,20K74E,01/11/2020,30/11/2022,768
558,20K75E,01/11/2020,30/11/2022,656
558,20K766,01/11/2020,30/11/2022,579
558,20K77G,01/11/2020,30/11/2022,768
563,19060359,01/06/2019,30/06/2022,42
563,20010178,01/01/2020,30/01/2022,72
564,1248/20,01/10/2020,30/09/2022,1880
564,1249/20,01/10/2020,30/09/2022,3739
564,1250/20,01/10/2020,30/09/2022,5593
564,1251/20,01/10/2020,30/09/2022,497
564,125120,01/10/2020,30/09/2022,170
564,1255/20,01/10/2020,30/09/2022,5406
564,1256/20,01/10/2020,30/09/2022,5548
564,1257/20,01/10/2020,30/09/2022,5547
564,1258/20,01/10/2020,30/09/2022,5617
565,20040723,01/04/2020,30/04/2022,1013
565,20080023,01/08/2020,30/08/2022,280
571,20030123,01/03/2020,30/03/2022,480
571,20080472,01/08/2020,30/08/2022,739
571,20080473,01/08/2020,30/08/2022,40
572,20080478,01/08/2020,30/08/2022,34
572,20080487,01/08/2020,30/08/2022,232
573,19030316,01/03/2019,30/03/2022,32
582,4738,01/08/2020,30/08/2022,3
582,4739,01/10/2020,30/10/2022,126
582,4740,01/10/2020,30/10/2022,50
582,4742,01/10/2020,30/10/2022,41
585,20080747,01/08/2020,30/08/2023,147
585,20100489,01/10/2020,30/10/2023,96
593,20060010,01/06/2020,30/06/2022,312
594,010070,01/01/2020,30/01/2022,2
594,040123,01/04/2020,30/04/2022,185
594,040124,01/04/2020,30/04/2022,480
595,20040076,01/04/2020,30/04/2023,296
595,20050499,01/05/2020,30/05/2023,1224
595,20060474,01/06/2020,30/06/2023,696
595,20070144,01/07/2020,30/07/2023,1560
597,20090087,01/09/2020,30/09/2022,643
598,18110188,01/11/2018,30/11/2021,1870
598,18120152,01/12/2018,30/12/2021,30
598,19010023,01/01/2019,30/01/2022,120
619,20H106,01/07/2020,30/07/2022,761
619,20H426,01/07/2020,30/07/2022,25
619,20H576,01/08/2020,30/08/2022,1512
621,21064,01/12/2019,30/12/2021,44
621,21066,01/09/2020,30/09/2022,128
621,21067,01/09/2020,30/09/2022,21
623,20070346,01/07/2020,30/07/2022,22
631,19030625,01/03/2019,30/03/2021,34
638,19050151,01/05/2019,30/05/2022,49
690,20J776,01/10/2020,30/10/2022,13
692,19002421,01/06/2019,30/06/2021,50
725,20K81F,01/11/2020,30/11/2022,428
741,25722970,01/06/2020,30/06/2022,39614
741,25722975,01/06/2020,30/06/2022,18240
741,25722977,01/06/2020,30/06/2022,21411
741,25722993,01/08/2020,30/08/2022,80
741,25722994,01/08/2020,30/08/2022,1400
741,25722995,01/08/2020,30/08/2022,320
741,25722997,01/08/2020,30/08/2022,80
741,25723004,01/08/2020,30/08/2022,40
741,25723007,01/09/2020,30/09/2022,28600
741,25723020,01/10/2020,30/10/2022,440
741,25723036,01/11/2020,30/11/2022,40
742,14581186,01/09/2020,30/09/2022,48
743,31223242,01/12/2020,30/12/2022,4
773,B20B2499,01/04/2020,30/04/2023,16448
773,B20C2297,01/04/2020,30/04/2023,33
774,1051799,01/05/2020,30/05/2022,816
774,1053311,01/07/2020,30/07/2022,13431
774,1055121,01/09/2020,30/09/2022,1172
774,1055125,01/08/2020,30/08/2022,2000
813,2013839,01/03/2020,30/03/2022,189
813,2037198,01/10/2020,30/10/2022,769
844,20040097,01/04/2020,30/04/2022,21
858,AX643,01/03/2020,28/02/2022,855
858,AX646,01/03/2020,28/02/2022,255
858,AX647,01/03/2020,28/02/2022,865
858,AX652,01/03/2020,28/02/2022,1193
858,AX655,01/03/2020,28/02/2022,1200
858,AX656,01/03/2020,28/02/2022,1200
858,AX658,01/03/2020,28/02/2022,1116
858,AX660,01/03/2020,28/02/2022,869
858,AX661,01/03/2020,28/02/2022,342
858,AX666,01/03/2020,28/02/2022,1200
858,AX667,01/03/2020,28/02/2022,1200
858,AY023,01/04/2020,30/03/2022,430
903,M012761,01/09/2020,30/08/2022,1891
903,M012762,01/09/2020,30/08/2022,13500
903,M818174,01/11/2018,30/10/2020,491
943,28911443,01/02/2019,28/02/2021,2302
943,28911449,01/06/2019,30/06/2021,216
943,28911452,01/08/2019,30/08/2021,942
943,28911454,01/08/2019,30/08/2021,458
965,2011950,01/09/2020,30/09/2022,4103
965,2013000,01/09/2020,30/09/2022,2897
965,2013006,01/09/2020,30/09/2022,1544
965,2013017,01/09/2020,30/09/2022,1356
965,2013323,01/09/2020,30/09/2022,1236
965,2013327,01/09/2020,30/09/2022,3889
965,2013362,01/09/2020,30/09/2022,3111
965,2013366,01/09/2020,30/09/2022,2806
965,2013367,01/09/2020,30/09/2022,1536
965,2013933,01/10/2020,30/10/2022,3
965,2013935,01/10/2020,30/10/2022,1
965,2013939,01/10/2020,30/10/2022,2496
965,2017197,01/12/2020,30/12/2022,421
965,2017212,01/12/2020,30/12/2022,5477
965,2017306,01/12/2020,30/12/2022,1937
965,2017310,01/12/2020,30/12/2022,1173
965,2017313,01/12/2020,30/12/2022,492
983,22649S,01/09/2019,30/09/2021,254
1.033,2006858,01/05/2020,30/05/2022,12
1.040,204576,01/02/2020,28/02/2023,381
1.107,19L39B,01/12/2019,30/12/2021,26
1.131,20H27B,01/08/2020,28/02/2022,13
1.172,1128/19,01/11/2019,30/10/2021,1800
1.172,1129/19,01/11/2019,30/10/2021,48200
1.198,2010472,01/08/2020,30/08/2022,346
1.198,2015059,01/10/2020,30/10/2022,39
1.256,4LB34,01/07/2019,30/07/2021,4
1.274,AX961,01/08/2020,30/07/2022,53
1.296,19050021,01/05/2019,30/05/2022,12
1.300,17457,01/03/2020,30/03/2022,2
1.300,17459,01/04/2020,30/04/2022,35
1.308,20070298,01/07/2020,30/07/2022,500
1.310,10514,01/11/2019,30/11/2021,1
1.310,10515,01/11/2019,30/11/2021,2
1.310,10543,01/12/2020,30/12/2022,10250
1.310,10544,01/12/2020,30/12/2022,4750
1.313,KJ00044,01/01/2020,30/12/2021,1
1.313,KJ00049,01/01/2020,30/12/2021,60
1.313,KJ00079,01/02/2020,30/01/2022,130
1.313,KJ00155,01/03/2020,28/02/2022,9231
1.313,KJ00156,01/03/2020,28/02/2022,7695
1.313,KJ00160,01/03/2020,28/02/2022,22610
1.313,KJ00161,01/03/2020,28/02/2022,2068
1.313,KJ90216,01/06/2019,30/05/2021,5
1.313,KJ90231,01/06/2019,30/05/2021,20
1.318,B19M0209,01/12/2019,30/12/2022,7440
1.318,B19M0210,01/12/2019,30/12/2022,4053
1.344,20C05B,01/03/2020,30/03/2022,49
1.344,20C06B,01/03/2020,30/03/2022,49
1.344,20C705,01/03/2020,30/03/2022,52
1.344,20C706,01/03/2020,30/03/2022,140
1.345,12190539,01/10/2019,30/09/2021,1
1.345,12190683,01/12/2019,30/11/2021,11674
1.345,12190687,01/12/2019,30/11/2021,3681
1.345,12190688,01/12/2019,30/11/2021,20000
1.345,12190693,01/12/2019,30/11/2021,3200
1.345,12200014,01/01/2020,30/12/2021,23804
1.345,12200015,01/01/2020,30/12/2021,14680
1.345,12200158,01/04/2020,30/03/2022,4557
1.345,12200180,01/04/2020,30/03/2022,16413
1.345,12200213,01/05/2020,30/04/2022,21570
1.345,12200214,01/05/2020,30/04/2022,17060
1.345,12200366,01/06/2020,30/05/2022,2058
1.345,12200374,01/06/2020,30/05/2022,12542
1.366,190759,01/07/2019,30/07/2021,13
1.368,19B19K,01/02/2019,28/02/2021,10
1.368,19B20K,01/02/2019,28/02/2021,120
1.368,19B66D,01/02/2019,28/02/2021,130
1.368,20G38A,01/07/2020,30/07/2022,4
1.368,20G75A,01/07/2020,30/07/2022,8
1.369,20D71K,01/04/2020,30/04/2022,198
1.369,20D74K,01/04/2020,30/04/2022,399
1.411,AY521,01/06/2020,30/05/2022,314
1.411,AY522,01/06/2020,30/05/2022,721
1.516,B19M1147,01/01/2020,30/01/2023,3097
1.557,19L59B,01/12/2019,30/12/2021,0
1.557,20C12K,01/03/2020,30/03/2022,120
1.557,20F04B,01/06/2020,30/06/2022,186
1.557,20F114,01/05/2020,30/05/2022,123
1.557,20F136,01/05/2020,30/05/2022,193
1.557,20F150,01/05/2020,30/05/2022,186
1.557,20F16D,01/06/2020,30/06/2022,194
1.557,20F17N,01/06/2020,30/06/2022,17
1.557,20F262,01/05/2020,30/05/2022,191
1.557,20F265,01/05/2020,30/05/2022,189
1.557,20F31M,01/06/2020,30/06/2022,191
1.557,20F32K,01/06/2020,30/06/2022,190
1.557,20F332,01/05/2020,30/05/2022,187
1.557,20F333,01/05/2020,30/05/2022,25
1.557,20F35K,01/06/2020,30/06/2022,195
1.557,20F50H,01/06/2020,30/06/2022,191
1.557,20F53H,01/06/2020,30/06/2022,192
1.557,20F68M,01/06/2020,30/06/2022,48
1.557,20F71M,01/06/2020,30/06/2022,190
1.557,20F759,01/06/2020,30/06/2022,145
1.557,20F796,01/05/2020,30/05/2022,190
1.557,20F797,01/06/2020,30/06/2022,193
1.557,20F798,01/06/2020,30/06/2022,187
1.557,20F799,01/06/2020,30/06/2022,188
1.557,20F800,01/06/2020,30/06/2022,189
1.557,20F83M,01/06/2020,30/06/2022,186
1.557,20F946,01/06/2020,30/06/2022,118
1.557,20H26K,01/08/2020,30/08/2022,1
1.687,19J29B,01/10/2019,30/10/2021,29
1.716,20I79E,01/09/2020,30/09/2022,800
1.796,M009615,01/07/2020,30/06/2023,8987
1.815,20E26H,01/05/2020,30/05/2022,94
1.815,20E27H,01/05/2020,30/05/2022,35
1.815,20K107,01/10/2020,30/10/2022,31
1.815,20K108,01/10/2020,30/10/2022,65
1.815,20K110,01/10/2020,30/10/2022,116
1.937,12570A,01/01/2021,30/01/2023,33
1.937,12571A,01/01/2021,30/01/2023,120
1.937,12572A,01/01/2021,30/01/2023,60
1.937,12573A,01/01/2021,30/01/2023,120
2.121,B620048,01/11/2020,30/11/2023,1957
2.163,1055879,01/09/2020,30/09/2022,3982
2.211,0843/20,01/07/2020,30/06/2022,5138
2.211,084320,01/07/2020,30/06/2022,385
2.374,20H10C,01/08/2020,30/08/2022,1006
2.374,20I122,01/09/2020,30/09/2022,353
2.374,20J93B,01/10/2020,30/10/2022,864
2.425,129131,01/12/2019,30/12/2021,17
2.464,19893,01/09/2020,30/09/2022,620
2.464,19894,01/09/2020,30/09/2022,3000
2.464,19898,01/10/2020,30/10/2022,200
2.464,19902,01/10/2020,30/10/2022,2000
2.464,19907,01/12/2020,30/12/2022,35650
2.467,1527240,01/05/2020,30/05/2022,494
2.480,BR116201,01/09/2019,30/08/2021,2
2.480,BR123411,01/04/2020,30/03/2022,1594
2.480,BR123412,01/04/2020,30/03/2022,10974
2.508,2526186,01/01/2020,30/01/2022,66
2.544,19K249,01/11/2019,30/11/2021,3
2.551,19K501,01/11/2019,30/11/2021,6
2.559,1385135,01/10/2020,30/10/2022,12
2.559,1385136,01/10/2020,30/10/2022,1100
2.568,20E864,01/03/2020,30/03/2022,57
2.650,20B11A,01/02/2020,28/02/2022,9
2.678,20F600,01/06/2020,30/06/2022,12
2.789,27112F,01/02/2020,28/02/2022,79
2.828,CSA17001,01/07/2019,30/07/2021,5
2.841,010068,01/09/2020,30/09/2025,950
2.841,010081,01/10/2020,30/10/2025,950
3.005,OAM10902,01/05/2020,30/05/2022,324
3.049,009905,01/06/2020,30/06/2025,100
3.171,091118-C05,01/11/2018,30/11/2021,64
3.171,270617-C05,01/06/2017,30/06/2022,384
3.197,110220-C05,01/02/2020,28/02/2023,714
3.317,20070809,01/06/2020,30/06/2022,8
3.334,200002,01/01/2020,30/01/2022,407
3.334,200003,01/01/2020,30/01/2022,74
3.334,200056,01/02/2020,28/02/2022,20
3.334,200211,01/04/2020,30/04/2022,1
3.334,200215,01/05/2020,30/05/2022,53
3.373,28882688,01/12/2019,30/11/2021,168
3.373,28882712,01/01/2020,30/01/2022,62
3.373,28882715,01/01/2020,30/01/2022,260
3.373,28882717,01/02/2020,28/02/2022,272
3.373,28882726,01/02/2020,28/02/2022,40
3.373,28882727,01/03/2020,30/03/2022,44
3.373,28882728,01/03/2020,30/03/2022,58
3.373,28882729,01/03/2020,30/03/2022,60
3.373,28882735,01/03/2020,30/03/2022,16
3.373,28882736,01/03/2020,30/03/2022,29
3.373,28882738,01/03/2020,30/03/2022,19
3.373,28882739,01/03/2020,30/03/2022,59
3.373,28882743,01/03/2020,30/03/2022,11
3.373,28882747,01/04/2020,30/04/2022,3
3.373,28882750,01/04/2020,30/04/2022,20
3.373,28882751,01/04/2020,30/04/2022,69
3.373,28882752,01/04/2020,30/04/2022,1
3.373,28882753,01/04/2020,30/04/2022,16
3.373,28882760,01/05/2020,30/05/2022,1
3.373,28882761,01/05/2020,30/05/2022,2
3.373,28882764,01/05/2020,30/05/2022,37
3.373,28882765,01/05/2020,30/05/2022,202
3.373,28882768,01/05/2020,30/05/2022,2
3.373,28882770,01/06/2020,30/06/2022,56
3.373,28882771,01/06/2020,30/06/2022,100
3.373,28882774,01/06/2020,30/06/2022,10
3.374,2003869,01/02/2020,28/02/2022,890
3.388,28218A,01/06/2019,30/06/2021,0
3.388,28256A,01/09/2019,30/09/2021,126
3.388,28272A,01/09/2019,30/09/2021,161
3.388,28286A,01/11/2019,30/11/2021,252
3.388,28287A,01/11/2019,30/11/2021,240
3.388,28288A,01/11/2019,30/11/2021,39
3.388,28290A,01/11/2019,30/11/2021,193
3.388,28291A,01/11/2019,30/11/2021,72
3.388,28294A,01/11/2019,30/11/2021,126
3.388,28304A,01/12/2019,30/12/2021,17
3.388,28307A,01/12/2019,30/12/2021,378
3.388,28311A,01/12/2019,30/12/2021,5
3.388,28313A,01/12/2019,30/12/2021,126
3.388,28314A,01/12/2019,30/12/2021,126
3.388,28315A,01/12/2019,30/12/2021,38
3.388,28318A,01/12/2019,30/12/2021,7
3.388,28356A,01/03/2020,30/03/2022,212
3.388,28358A,01/03/2020,30/03/2022,77
3.388,28361A,01/03/2020,30/03/2022,126
3.388,28363A,01/03/2020,30/03/2022,37
3.388,28369A,01/03/2020,30/03/2022,474
3.388,28370A,01/03/2020,30/03/2022,252
3.388,28371A,01/03/2020,30/03/2022,126
3.388,28373A,01/03/2020,30/03/2022,220
3.388,28374A,01/03/2020,30/03/2022,64
3.388,28375A,01/03/2020,30/03/2022,62
3.388,28376A,01/03/2020,30/03/2022,126
3.388,28386A,01/05/2020,30/05/2022,13
3.388,28388A,01/05/2020,30/05/2022,24
3.388,28390A,01/05/2020,30/05/2022,113
3.438,1935440,01/06/2020,30/06/2022,152
3.460,20G490,01/07/2020,30/07/2022,37
3.471,20G26K,01/07/2020,30/07/2022,960
3.471,20G27K,01/07/2020,30/07/2022,1190
3.471,20I19B,01/09/2020,30/09/2022,1164
3.471,20J02D,01/10/2020,30/10/2022,1244
3.471,20J03D,01/10/2020,30/10/2022,1440
3.472,19K12B,01/11/2019,30/11/2021,0
3.472,20C82F,01/03/2020,30/03/2022,231
3.508,DX20I145,01/11/2020,30/09/2022,6
3.508,DX20I147,01/12/2020,30/09/2022,359
3.509,DE20D007,01/05/2020,30/04/2022,15
3.527,0317/20,01/03/2020,28/02/2022,24
3.579,M917578,01/11/2019,30/10/2021,4196
3.579,M917579,01/12/2019,30/11/2021,15751
3.592,20F10I,01/06/2020,30/06/2022,26
3.628,5R4V,01/04/2020,30/04/2022,384
3.628,6C2M,01/04/2020,30/04/2022,399
3.628,8B4U,01/04/2020,30/04/2022,241
3.628,8M2W,01/04/2020,30/04/2022,362
3.658,20G320,01/07/2020,30/07/2022,271
3.659,BR120715,01/02/2020,30/01/2022,2
3.659,BR122251R,01/02/2020,30/01/2022,15498
3.659,BR126813,01/05/2020,30/04/2022,6205
3.659,BR128128,01/06/2020,30/05/2022,432
3.661,BR126812,01/07/2020,30/06/2022,13559
3.661,BR128125,01/07/2020,30/06/2022,172
3.765,DC20B014,01/02/2020,28/02/2022,156
3.875,20080366,01/08/2020,30/08/2022,29
3.983,2016553,01/11/2020,30/11/2022,1236
3.983,2016578,01/11/2020,30/11/2022,1152
3.983,2016580,01/11/2020,30/11/2022,1360
4.023,20100926,01/10/2020,30/10/2022,139
4.102,010005,01/08/2020,30/08/2025,2800
4.124,010068,01/09/2020,30/09/2025,3594
4.178,647858A,01/11/2019,30/11/2021,42
4.235,19100383,01/10/2019,30/10/2021,17
4.235,20010122,01/01/2020,30/01/2022,36
4.327,20I27D,01/09/2020,30/09/2022,756
4.327,20I33A,01/09/2020,30/09/2022,1607
4.327,20I46A,01/09/2020,30/09/2022,1152
4.327,20I49A,01/09/2020,30/09/2022,576
4.327,20I826,01/09/2020,30/09/2022,275
4.351,6639190,01/02/2020,28/02/2022,42
4.351,6639191,01/12/2020,30/12/2022,70
4.362,AA-048/20,01/09/2020,30/08/2022,197
4.372,DS19I464,01/09/2019,30/09/2021,0
4.418,19G755,01/07/2019,30/07/2021,1
4.418,20E04E,01/05/2020,30/05/2022,864
4.418,20E17B,01/05/2020,30/05/2022,432
4.418,20E18B,01/05/2020,30/05/2022,864
4.418,20E19U,01/05/2020,30/05/2022,948
4.418,20E20U,01/05/2020,30/05/2022,864
4.418,20E21U,01/05/2020,30/05/2022,864
4.418,20E22U,01/05/2020,30/05/2022,432
4.418,20E23U,01/05/2020,30/05/2022,864
4.418,20E24U,01/05/2020,30/05/2022,864
4.418,20E27U,01/05/2020,30/05/2022,432
4.418,20E29U,01/05/2020,30/05/2022,432
4.418,20E30U,01/05/2020,30/05/2022,864
4.418,20E31U,01/05/2020,30/05/2022,432
4.418,20E641,01/04/2020,30/04/2022,720
4.418,20E642,01/04/2020,30/04/2022,312
4.418,20E66M,01/05/2020,30/05/2022,432
4.418,20E67M,01/05/2020,30/05/2022,432
4.418,20E68M,01/05/2020,30/05/2022,432
4.418,20E69M,01/05/2020,30/05/2022,432
4.418,20E70K,01/05/2020,30/05/2022,1140
4.418,20E70M,01/05/2020,30/05/2022,864
4.418,20E71K,01/05/2020,30/05/2022,432
4.418,20E75M,01/05/2020,30/05/2022,432
4.418,20E76K,01/05/2020,30/05/2022,864
4.418,20E87H,01/05/2020,30/05/2022,432
4.418,20E88C,01/05/2020,30/05/2022,432
4.418,20E947,01/04/2020,30/04/2022,138
4.418,20E948,01/05/2020,30/05/2022,214
4.418,20E950,01/05/2020,30/05/2022,432
4.418,20F451,01/06/2020,30/06/2022,879
4.418,20F83C,01/06/2020,30/06/2022,1164
4.418,20F84C,01/06/2020,30/06/2022,432
4.418,20F939,01/06/2020,30/06/2022,1164
4.418,20F940,01/06/2020,30/06/2022,782
4.418,20F941,01/06/2020,30/06/2022,1164
4.541,20K851,01/11/2020,30/11/2022,13
4.580,20H71C,01/07/2020,30/07/2022,1
4.580,20I95P,01/09/2020,30/09/2022,310
4.580,20K235,01/10/2020,30/10/2022,32
4.616,82118121,01/12/2018,30/12/2023,183
4.631,1910053,01/09/2019,30/09/2021,17
4.642,15406,01/12/2019,30/12/2021,20
4.642,15427,01/10/2020,30/10/2022,4884
4.642,15428,01/10/2020,30/10/2022,2800
4.646,AF20B008,01/02/2020,28/02/2022,22
4.685,19J24N,01/10/2019,30/10/2021,14
4.685,20D342,01/03/2020,30/03/2022,394
4.701,20A06L,01/01/2020,30/01/2022,120
4.701,20A10L,01/01/2020,30/01/2022,120
4.701,20A172,01/01/2020,30/01/2022,228
4.701,20A173,01/01/2020,30/01/2022,240
4.701,20A45M,01/01/2020,30/01/2022,120
4.701,20A47M,01/01/2020,30/01/2022,240
4.701,20A51N,01/01/2020,30/01/2022,120
4.701,20A551,01/01/2020,30/01/2022,240
4.701,20A553,01/01/2020,30/01/2022,120
4.701,20A56G,01/01/2020,30/01/2022,103
4.701,20A576,01/01/2020,30/01/2022,360
4.701,20A581,01/01/2020,30/01/2022,120
4.701,20A582,01/01/2020,30/01/2022,360
4.701,20A584,01/01/2020,30/01/2022,360
4.701,20A585,01/01/2020,30/01/2022,328
4.701,20A587,01/01/2020,30/01/2022,120
4.701,20A58J,01/01/2020,30/01/2022,241
4.701,20A59J,01/01/2020,30/01/2022,342
4.701,20A60J,01/01/2020,30/01/2022,325
4.701,20A61J,01/01/2020,30/01/2022,443
4.701,20A62J,01/01/2020,30/01/2022,331
4.701,20A63J,01/01/2020,30/01/2022,445
4.701,20A64J,01/01/2020,30/01/2022,233
4.701,20A660,01/01/2020,30/01/2022,120
4.701,20A661,01/01/2020,30/01/2022,240
4.701,20B41C,01/02/2020,28/02/2022,431
4.701,20B43C,01/02/2020,28/02/2022,431
4.701,20B44C,01/02/2020,28/02/2022,436
4.701,20B45C,01/02/2020,28/02/2022,443
4.701,20B63D,01/02/2020,28/02/2022,148
4.701,20B80A,01/02/2020,28/02/2022,430
4.701,20B83A,01/02/2020,28/02/2022,443
4.701,20B85A,01/02/2020,28/02/2022,436
4.701,20B874,01/02/2020,28/02/2022,438
4.701,20B875,01/02/2020,28/02/2022,429
4.701,20B961,01/02/2020,28/02/2022,429
4.701,20B962,01/02/2020,28/02/2022,433
4.701,20B963,01/02/2020,28/02/2022,428
4.701,20B98B,01/02/2020,28/02/2022,356
4.701,20B993,01/02/2020,28/02/2022,439
4.701,20B994,01/02/2020,28/02/2022,380
4.746,22790,01/03/2020,30/03/2022,4478
4.746,22817,01/07/2020,30/07/2022,7900
4.746,22822,01/08/2020,30/08/2022,28050
4.746,22826,01/10/2020,30/10/2022,14050
4.746,22829,01/10/2020,30/10/2022,3250
4.746,22830,01/10/2020,30/10/2022,16750
4.842,AB4N,01/05/2020,30/05/2022,649
4.863,20D76F,01/03/2020,30/03/2022,8
4.863,20I685,01/08/2020,30/08/2022,557
4.917,20D354,01/04/2020,30/04/2022,16
4.917,20D68M,01/04/2020,30/04/2022,13
4.917,20D744,01/04/2020,30/04/2022,120
4.917,20J11A,01/10/2020,30/10/2022,660
4.917,20J493,01/10/2020,30/10/2022,60
4.934,AY583,01/10/2020,30/09/2022,827
4.983,20D188,01/03/2020,30/03/2022,35
4.983,20F12M,01/06/2020,30/06/2022,2
4.983,20F88F,01/06/2020,30/06/2022,120
4.983,20H19E,01/07/2020,30/07/2022,204
5.010,20040352,01/03/2020,30/03/2022,4
5.010,20040353,01/03/2020,30/03/2022,6
5.010,20040524,01/03/2020,30/03/2022,235
5.061,20090848,01/08/2020,30/08/2022,46
5.063,20101023,01/10/2020,30/10/2022,3
5.065,20D78D,01/04/2020,30/04/2022,46
5.065,20E16M,01/05/2020,30/05/2022,504
5.065,20E33S,01/05/2020,30/05/2022,448
5.065,20E34S,01/05/2020,30/05/2022,504
5.065,20E35S,01/05/2020,30/05/2022,494
5.065,20E61J,01/05/2020,30/05/2022,435
5.065,20E62G,01/05/2020,30/05/2022,522
5.065,20E62J,01/05/2020,30/05/2022,336
5.065,20E75H,01/05/2020,30/05/2022,280
5.065,20E84F,01/05/2020,30/05/2022,280
5.065,20E88P,01/05/2020,30/05/2022,336
5.075,1049/20,01/09/2020,30/08/2022,65
5.112,9075053,01/09/2020,30/09/2022,4
5.112,9075054,01/10/2020,30/10/2022,24
5.129,2011837,01/04/2020,30/04/2022,30
5.129,2011838,01/04/2020,30/04/2022,560
5.130,2011737,01/03/2020,30/03/2022,2960
5.130,2011738,01/03/2020,30/03/2022,1600
5.130,2011753,01/03/2020,30/03/2022,120
5.130,2011757,01/03/2020,30/03/2022,50
5.155,O10003,01/01/2021,30/01/2023,567
5.155,O10013,01/01/2021,30/01/2023,135
5.174,1038/20,01/09/2020,30/08/2022,5999
5.174,103820,01/09/2020,30/08/2022,500
5.174,1236/20,01/10/2020,30/09/2022,4600
5.174,1237/20,01/10/2020,30/09/2022,23400
5.174,1238/20,01/10/2020,30/09/2022,2000
5.223,20E45J,01/05/2020,30/05/2022,41
5.299,20C54I,01/03/2020,30/03/2022,84
5.299,20C62F,01/03/2020,30/03/2022,240
5.299,20D213,01/04/2020,30/04/2022,462
5.299,20D811,01/04/2020,30/04/2022,233
5.399,3225682,01/07/2020,30/07/2022,39
5.399,3225696,01/08/2020,30/08/2022,221
5.399,3225701,01/08/2020,30/08/2022,14
5.399,3225703,01/08/2020,30/08/2022,16
5.399,3225704,01/08/2020,30/08/2022,626
5.399,3225705,01/08/2020,30/08/2022,10
5.399,3225707,01/08/2020,30/08/2022,8
5.399,3225708,01/08/2020,30/08/2022,401
5.399,3225710,01/08/2020,30/08/2022,300
5.399,3225711,01/08/2020,30/08/2022,299
5.399,3225727,01/09/2020,30/09/2022,10
5.525,19J019,01/09/2019,30/09/2021,83
5.571,19F454,01/05/2019,30/05/2021,2
5.571,20J324,01/09/2020,30/09/2022,24
5.626,109238C,01/10/2020,30/10/2022,2405
5.659,74-001/19,01/01/2019,30/01/2022,204
5.659,74-003/19,01/02/2019,28/02/2022,1080
5.671,AR-012/20,01/05/2020,30/04/2022,39
5.684,DB20E149,01/05/2020,30/05/2022,272
5.684,DB20E150,01/05/2020,30/05/2022,258
5.684,DB20E151,01/05/2020,30/05/2022,315
5.713,20D990,01/04/2020,30/04/2022,276
5.713,20I519,01/08/2020,30/08/2022,7
5.747,2019896,01/09/2020,30/09/2022,22
5.747,2020861,01/10/2020,30/10/2022,162
5.910,26584223,01/06/2020,30/06/2022,32
5.910,26584226,01/06/2020,30/06/2022,75
5.910,26584250,01/04/2020,30/04/2022,8
5.910,26584262,01/04/2020,30/04/2022,8
5.920,SSALAA0062,01/06/2018,30/06/2023,221
5.942,20F906,01/06/2020,30/06/2022,209
5.972,0762/19,01/08/2019,30/07/2021,143
5.975,2016630,01/04/2020,30/04/2022,3662
5.975,2016631,01/04/2020,30/04/2022,6148
5.985,2753173,01/05/2020,30/05/2022,0
6.044,20060507,01/10/2020,30/06/2022,0
6.230,81218101,01/10/2018,30/10/2023,100
6.299,20D30H,01/04/2020,30/04/2022,73
6.299,20D31H,01/04/2020,30/04/2022,73
6.299,20D36I,01/04/2020,30/04/2022,70
6.299,20D498,01/04/2020,30/04/2022,55
6.300,059401,01/11/2020,30/11/2022,148
6.360,8022B,01/11/2020,30/11/2022,300
6.360,8024B,01/11/2020,30/11/2022,17
6.360,8029B,01/11/2020,30/11/2022,202
6.360,8030B,01/11/2020,30/11/2022,228
6.360,8031B,01/11/2020,30/11/2022,229
6.360,8032B,01/11/2020,30/11/2022,216
6.360,8033B,01/11/2020,30/11/2022,22
6.360,8044B,01/12/2020,30/12/2022,82
6.360,8045B,01/12/2020,30/12/2022,17
6.360,8051B,01/12/2020,30/12/2022,119
6.360,8052B,01/12/2020,30/12/2022,333
6.360,8053B,01/12/2020,30/12/2022,73
6.360,8054B,01/12/2020,30/12/2022,72
6.360,8055B,01/12/2020,30/12/2022,240
6.360,8057B,01/12/2020,30/12/2022,240
6.360,8058B,01/12/2020,30/12/2022,329
6.360,8059B,01/12/2020,30/12/2022,45
6.360,8062B,01/12/2020,30/12/2022,144
6.360,8997A,01/10/2020,30/10/2022,32
6.360,8999A,01/10/2020,30/10/2022,34
6.361,8009B,01/10/2020,30/10/2022,1000
6.361,8016B,01/10/2020,30/10/2022,55551
6.361,8037B,01/11/2020,30/11/2022,4000
6.361,8981A,01/07/2020,30/07/2022,1
6.362,16446,01/10/2020,30/10/2022,4
6.362,16448,01/10/2020,30/10/2022,250
6.362,16449,01/10/2020,30/10/2022,116
6.362,16453,01/11/2020,30/11/2022,132
6.418,050082,01/05/2020,30/05/2022,2168
6.505,20B06P,01/02/2020,28/02/2022,60
6.505,20B46H,01/02/2020,28/02/2022,120
6.505,20B48H,01/02/2020,28/02/2022,60
6.505,20B49H,01/02/2020,28/02/2022,78
6.505,20B503,01/02/2020,28/02/2022,178
6.505,20B504,01/02/2020,28/02/2022,180
6.505,20B61H,01/02/2020,28/02/2022,120
6.505,20B68G,01/02/2020,28/02/2022,179
6.505,20B70G,01/02/2020,28/02/2022,60
6.505,20B76G,01/02/2020,28/02/2022,180
6.505,20B77G,01/02/2020,28/02/2022,179
6.505,20B78G,01/02/2020,28/02/2022,120
6.505,20B869,01/02/2020,28/02/2022,180
6.505,20B870,01/02/2020,28/02/2022,120
6.505,20B871,01/02/2020,28/02/2022,180
6.505,20B872,01/02/2020,28/02/2022,119
6.505,20B87P,01/02/2020,28/02/2022,179
6.505,20C157,01/02/2020,28/02/2022,60
6.505,20C158,01/02/2020,28/02/2022,178
6.505,20C160,01/02/2020,28/02/2022,180
6.505,20C161,01/02/2020,28/02/2022,120
6.505,20C163,01/03/2020,30/03/2022,180
6.505,20C164,01/03/2020,30/03/2022,180
6.505,20C167,01/03/2020,30/03/2022,178
6.505,20C168,01/03/2020,30/03/2022,60
6.505,20C169,01/03/2020,30/03/2022,178
6.505,20C469,01/03/2020,30/03/2022,179
6.505,20C470,01/03/2020,30/03/2022,177
6.505,20C471,01/03/2020,30/03/2022,139
6.505,20C473,01/03/2020,30/03/2022,35
6.505,20C474,01/03/2020,30/03/2022,183
6.505,20C558,01/03/2020,30/03/2022,184
6.505,20C559,01/03/2020,30/03/2022,183
6.505,20C798,01/03/2020,30/03/2022,180
6.505,20C799,01/03/2020,30/03/2022,120
6.505,20C956,01/03/2020,30/03/2022,178
6.505,20C957,01/03/2020,30/03/2022,180
6.505,20C958,01/03/2020,30/03/2022,97
6.540,049312,01/02/2019,28/02/2021,13
6.717,20H14V,01/08/2020,30/08/2022,1536
6.717,20H16V,01/08/2020,30/08/2022,765
6.717,20H17V,01/08/2020,30/08/2022,759
6.721,43420,01/09/2020,30/09/2022,242
6.721,43920,01/09/2020,30/09/2022,282
6.721,44920,01/09/2020,30/09/2022,54
6.721,45120,01/09/2020,30/09/2022,284
6.732,200319,01/06/2020,30/06/2022,280
6.732,200322,01/06/2020,30/06/2022,140
6.742,20G02G,01/07/2020,30/07/2022,1344
6.742,20G05G,01/07/2020,30/07/2022,1500
6.742,20G09G,01/07/2020,30/07/2022,2616
6.742,20G12G,01/07/2020,30/07/2022,1109
6.742,20G12K,01/07/2020,30/07/2022,56
6.750,113075,01/03/2020,30/03/2022,20
6.750,113077,01/10/2020,30/10/2022,733
6.750,113078,01/11/2020,30/11/2022,8400
6.751,42072,01/02/2020,28/02/2022,11
6.752,20090334,01/09/2020,30/09/2022,117
6.764,1035372,01/06/2019,30/06/2021,87
6.764,1055184,01/11/2020,30/11/2022,5762
6.765,34436,01/12/2020,30/12/2022,12
6.765,34441,01/01/2021,30/01/2023,80
6.787,20002920,01/06/2020,30/06/2022,15
6.787,20003197,01/06/2020,30/06/2022,54
6.860,534MM3,01/11/2018,30/11/2021,746
6.860,536MM3,01/11/2018,30/11/2021,1128
6.860,581MM3,01/02/2019,28/02/2022,2016
6.885,20A11E,01/01/2020,30/01/2022,19
6.885,20B943,01/02/2020,28/02/2022,30
6.895,35030H,01/10/2020,30/10/2022,70
6.895,35084H,01/10/2020,30/10/2022,116
6.895,35087H,01/10/2020,30/10/2022,160
6.895,35089H,01/10/2020,30/10/2022,160
6.895,35091H,01/10/2020,30/10/2022,70
6.895,35093H,01/10/2020,30/10/2022,230
6.895,35095H,01/10/2020,30/10/2022,70
6.895,35096H,01/10/2020,30/10/2022,80
6.895,35098H,01/10/2020,30/10/2022,21
6.895,35099H,01/10/2020,30/10/2022,70
6.895,35101H,01/10/2020,30/10/2022,160
6.895,35110H,01/10/2020,30/10/2022,160
6.895,35119H,01/10/2020,30/10/2022,160
6.895,35120H,01/10/2020,30/10/2022,160
6.895,35127H,01/10/2020,30/10/2022,70
6.895,35134H,01/10/2020,30/10/2022,140
6.895,35156H,01/11/2020,30/11/2022,350
6.895,35160H,01/11/2020,30/11/2022,10
6.895,35162H,01/11/2020,30/11/2022,70
6.895,35164H,01/11/2020,30/11/2022,50
6.895,35165H,01/11/2020,30/11/2022,390
6.895,35183H,01/11/2020,30/11/2022,550
6.895,35193H,01/11/2020,30/11/2022,30
6.895,35196H,01/11/2020,30/11/2022,70
6.895,35205H,01/11/2020,30/11/2022,540
6.895,35206H,01/11/2020,30/11/2022,540
6.895,35207H,01/11/2020,30/11/2022,540
6.895,35208H,01/11/2020,30/11/2022,550
6.895,35209H,01/11/2020,30/11/2022,550
6.895,35229H,01/11/2020,30/11/2022,480
6.895,35230H,01/11/2020,30/11/2022,520
6.895,35234H,01/12/2020,30/12/2022,90
6.895,35236H,01/12/2020,30/12/2022,160
6.895,35237H,01/12/2020,30/12/2022,320
6.895,35238H,01/12/2020,30/12/2022,380
6.895,35239H,01/12/2020,30/12/2022,320
6.895,35240H,01/12/2020,30/12/2022,540
6.895,35241H,01/12/2020,30/12/2022,540
6.895,35242H,01/12/2020,30/12/2022,510
6.895,35243H,01/12/2020,30/12/2022,160
6.895,35244H,01/12/2020,30/12/2022,550
6.895,35245H,01/12/2020,30/12/2022,559
6.895,35246H,01/12/2020,30/12/2022,530
6.895,35247H,01/12/2020,30/12/2022,410
6.895,35248H,01/12/2020,30/12/2022,480
6.895,35249H,01/12/2020,30/12/2022,70
6.895,35251H,01/12/2020,30/12/2022,70
6.895,35252H,01/12/2020,30/12/2022,160
6.895,35270H,01/12/2020,30/12/2022,70
6.895,35280H,01/12/2020,30/12/2022,220
6.895,35281H,01/12/2020,30/12/2022,60
6.895,35282H,01/12/2020,30/12/2022,220
6.895,35283H,01/12/2020,30/12/2022,60
6.895,35518G,01/01/2020,30/01/2022,2
6.924,053502,01/03/2020,30/03/2022,139
6.924,058158,01/10/2020,30/10/2022,896
6.924,058159,01/10/2020,30/10/2022,553
7.063,27027F,01/12/2019,30/12/2021,0
7.063,27044F,01/12/2019,30/12/2021,0
7.063,27220F,01/07/2020,30/07/2022,24
7.063,27222F,01/07/2020,30/07/2022,60
7.063,27223F,01/07/2020,30/07/2022,36
7.063,27224F,01/07/2020,30/07/2022,59
7.063,27225F,01/07/2020,30/07/2022,12
7.063,27226F,01/07/2020,30/07/2022,61
7.063,27257F,01/08/2020,30/08/2022,62
7.063,27258F,01/08/2020,30/08/2022,62
7.071,2006865,01/05/2020,30/05/2022,24
7.071,2006866,01/06/2020,30/06/2022,478
7.071,2006869,01/06/2020,30/06/2022,340
7.071,2006876,01/06/2020,30/06/2022,419
7.071,2006877,01/06/2020,30/06/2022,492
7.083,193534A,01/12/2019,30/12/2021,45
7.084,AB50636,01/05/2020,30/04/2022,638
7.084,AB65850,01/07/2020,30/06/2022,347
7.084,AB65854,01/07/2020,30/06/2022,17
7.085,2003505,01/01/2020,30/01/2022,2516
7.099,AB73489,01/07/2020,30/06/2022,132
7.099,AB73791,01/07/2020,30/06/2022,400
7.099,AB73792,01/07/2020,30/06/2022,43
7.109,20100215,01/09/2020,30/09/2022,344
7.109,20120876,01/12/2020,30/12/2022,352
7.109,20120945,01/12/2020,30/12/2022,1160
7.126,AY016,01/07/2020,30/06/2022,1041
7.126,AY017,01/07/2020,30/06/2022,1200
7.136,114146,01/10/2019,30/10/2021,0
7.136,114210,01/12/2020,30/12/2022,707
7.136,114211,01/12/2020,30/12/2022,52
7.136,114212,01/12/2020,30/12/2022,171
7.136,114213,01/01/2021,30/01/2023,60
7.153,27279F,01/11/2020,30/11/2022,4
7.153,27282F,01/11/2020,30/11/2022,1
7.153,27283F,01/11/2020,30/11/2022,16
7.153,27292F,01/11/2020,30/11/2022,53
7.153,27293F,01/11/2020,30/11/2022,12
7.160,45275,01/10/2020,30/10/2022,337
7.160,45276,01/11/2020,30/11/2022,500
7.172,24423,01/06/2020,30/06/2022,15
7.172,24437,01/11/2020,30/11/2022,1121
7.172,24438,01/11/2020,30/11/2022,2420
7.172,24441,01/12/2020,30/12/2022,1620
7.172,24442,01/12/2020,30/12/2022,1620
7.172,24443,01/12/2020,30/12/2022,600
7.172,24444,01/12/2020,30/12/2022,250
7.172,24445,01/12/2020,30/12/2022,960
7.173,19121325,01/02/2020,30/12/2021,19
7.173,20020053,01/03/2020,28/02/2022,215
7.173,20050313,01/06/2020,30/05/2022,408
7.173,20050315,01/07/2020,30/05/2022,72
7.189,19J110,01/09/2019,30/09/2021,3
7.223,28236A,01/07/2019,30/07/2021,72
7.330,B20C1700,01/04/2020,30/04/2022,58
7.357,0202/20,01/03/2020,28/02/2022,98
7.357,020220,01/03/2020,28/02/2022,34
7.395,F314643BR1,01/03/2020,30/03/2023,634
7.413,18120176,01/12/2018,30/12/2021,33
7.498,5015184,01/07/2019,30/07/2021,0
7.562,0737/20,01/06/2020,30/05/2022,108
7.598,B20D1884,01/04/2020,30/04/2023,72
7.612,0447/20,01/04/2020,30/03/2022,294
7.612,0612/20,01/05/2020,30/04/2022,153
7.633,22827,01/10/2020,30/10/2022,1000
7.633,22828,01/10/2020,30/10/2022,2090
7.633,22831,01/10/2020,30/10/2022,6400
7.633,22832,01/11/2020,30/11/2022,950
7.633,22833,01/11/2020,30/11/2022,5600
7.648,29345,01/02/2019,28/02/2021,19
7.648,29346,01/02/2019,28/02/2021,6000
7.648,29349,01/02/2019,28/02/2021,4000
7.648,29352,01/02/2019,28/02/2021,133
7.661,BD-007/20,01/07/2020,30/06/2022,18
7.693,AB82534,01/09/2020,30/08/2022,1383
7.693,AB82535,01/09/2020,30/08/2022,112
7.693,AB82537,01/09/2020,30/08/2022,57
7.693,AB95461A,01/10/2020,30/09/2022,215
7.693,AB95462A,01/10/2020,30/09/2022,966
7.693,AB95463A,01/10/2020,30/09/2022,3174
7.728,6624136,01/02/2020,28/02/2022,3
7.742,90038,01/04/2020,30/04/2022,7
7.746,76084,01/10/2020,30/10/2022,1
7.748,114201,01/11/2020,30/11/2022,3102
7.767,27744E,01/04/2019,30/04/2021,174
7.785,2005040,01/05/2020,30/05/2022,1812
7.785,2012004,01/12/2020,30/12/2022,6000
7.785,2012005,01/12/2020,30/12/2022,1750
7.785,2012006,01/12/2020,30/12/2022,50
7.785,2012007,01/12/2020,30/12/2022,2800
7.785,2012008,01/12/2020,30/12/2022,4100
7.785,2012009,01/12/2020,30/12/2022,1200
7.785,2012010,01/12/2020,30/12/2022,13500
7.789,20101092,01/10/2020,30/10/2022,147
7.792,BC-001/20,01/01/2020,30/12/2021,19
7.792,BC-008/20,01/02/2020,30/01/2022,32
7.827,20A446,01/01/2020,30/01/2022,12
7.831,20G04H,01/07/2020,30/07/2022,19
7.847,20H631,01/08/2020,30/08/2022,11
7.847,20H632,01/08/2020,30/08/2022,148
7.847,20H635,01/08/2020,30/08/2022,49
7.847,20H637,01/08/2020,30/08/2022,45
7.847,20H638,01/08/2020,30/08/2022,49
7.867,21010622,01/11/2020,30/11/2022,264
7.868,20030836,01/03/2020,30/03/2023,2580
7.868,20030894,01/03/2020,30/03/2023,5724
7.895,12533A,01/10/2020,30/10/2022,70
7.895,12561A,01/12/2020,30/12/2022,183
7.895,12564A,01/12/2020,30/12/2022,120
7.895,12565A,01/12/2020,30/12/2022,27
7.895,12566A,01/12/2020,30/12/2022,55
7.895,12567A,01/01/2021,30/01/2023,159
7.906,A201997,01/05/2020,30/05/2022,235
7.935,20I4974B,01/09/2020,30/09/2022,148
7.935,20I4975B,01/09/2020,30/09/2022,53
7.972,200058,01/02/2020,28/02/2022,10
7.972,200715,01/11/2020,30/11/2022,377
7.972,200720,01/11/2020,30/11/2022,20
7.976,20E68N,01/05/2020,30/05/2022,2500
7.976,20H51I,01/08/2020,30/08/2022,66
7.978,20F730,01/06/2020,30/06/2022,316
7.978,20H71H,01/08/2020,30/08/2022,959
7.981,20I19C,01/09/2020,30/09/2022,2
7.981,20I395,01/09/2020,30/09/2022,1635
7.984,20B154,01/02/2020,28/02/2022,13
7.995,20A181,01/12/2019,30/12/2021,0
7.995,20A40F,01/01/2020,30/01/2022,0
7.995,20H76P,01/08/2020,30/08/2022,64
7.995,20H77P,01/08/2020,30/08/2022,0
8.012,20G625,01/07/2020,30/07/2022,402
8.024,20C276,01/02/2020,28/02/2022,1
8.024,20C277,01/02/2020,28/02/2022,1
8.024,20H67I,01/08/2020,30/08/2022,58
8.024,20J60C,01/10/2020,30/10/2022,38
8.024,20J796,01/10/2020,30/10/2022,112
8.028,000121,01/01/2021,30/01/2023,107
8.028,000321,01/01/2021,30/01/2023,339
8.030,20030402,01/03/2020,30/03/2022,157
8.030,20050676,01/05/2020,30/05/2022,120
8.030,20050678,01/05/2020,30/05/2022,684
8.030,20050737,01/05/2020,30/05/2022,396
8.036,0327/20,01/03/2020,28/02/2022,126
8.036,0329/20,01/03/2020,28/02/2022,30
8.042,19K61C,01/11/2019,30/11/2021,421
8.042,19L02A,01/12/2019,30/12/2021,1616
8.042,19L433,01/11/2019,30/11/2021,5
8.042,20A88G,01/01/2020,30/01/2022,715
8.045,20D267,01/04/2020,30/04/2022,469
8.045,20H92E,01/08/2020,30/08/2022,1
8.045,20K738,01/11/2020,30/11/2022,2829
8.045,20K740,01/11/2020,30/11/2022,958
8.077,20H084,01/07/2020,30/07/2022,53
8.094,2623A,01/12/2019,30/12/2021,200
8.094,2708A,01/03/2020,30/03/2022,1
8.094,2740A,01/04/2020,30/04/2022,1
8.094,2783A,01/06/2020,30/06/2022,7734
8.094,2846A,01/11/2020,30/11/2022,9400
8.094,2850A,01/11/2020,30/11/2022,14400
8.094,2851A,01/11/2020,30/11/2022,26200
8.122,6566732,01/08/2020,30/08/2022,2508
8.122,6566735,01/11/2020,30/01/2022,2320
8.122,6566736,01/11/2020,30/11/2022,2859
8.134,29411,01/11/2019,30/11/2021,1
8.134,29454,01/07/2020,30/07/2022,12295
8.134,29456,01/07/2020,30/07/2022,2800
8.134,29467,01/08/2020,30/08/2022,3700
8.134,29468,01/08/2020,30/08/2022,39600
8.152,1054919,01/11/2020,30/11/2022,297
8.159,20L650,01/12/2020,30/12/2022,2223
8.166,20D36C,01/04/2020,30/04/2022,5
8.166,20D37C,01/04/2020,30/04/2022,12
8.181,20C983,01/03/2020,30/03/2022,15
8.204,20C984,01/03/2020,30/03/2022,39
8.216,CA20I333,01/09/2020,30/09/2022,57
8.216,CA20I335,01/09/2020,30/09/2022,83
8.216,CA20I351,01/09/2020,30/09/2022,167
8.219,BA-001/20,01/10/2020,30/09/2022,115
8.220,BE-001/20,01/07/2020,30/06/2022,113
8.224,100029,01/06/2020,30/06/2022,3
8.224,100033,01/12/2020,30/12/2022,1
8.272,20A69L,01/01/2020,30/01/2022,4
8.280,4056,01/06/2019,30/06/2024,2509
8.281,4378,01/11/2019,30/11/2024,7560
8.281,4746,01/03/2020,30/03/2025,15600
8.282,4298,01/10/2019,30/10/2024,3912
8.282,4363,01/11/2019,30/11/2024,4428
8.282,4420,01/12/2019,30/12/2024,4920
8.282,4724,01/03/2020,30/03/2025,492
8.282,4769,01/03/2020,30/03/2025,9840
8.283,4212,01/08/2019,30/08/2024,8520
8.283,4402,01/11/2019,30/11/2024,1260
8.283,4439,01/12/2019,30/12/2024,420
8.283,4581,01/01/2020,30/01/2025,8400
8.283,4631,01/02/2020,28/02/2025,7560
8.283,4713,01/03/2020,30/03/2025,4200
8.284,4312,01/10/2019,30/10/2024,12
8.284,4542,01/01/2020,30/01/2025,1212
8.284,4666,01/02/2020,28/02/2025,3120
8.284,4708,01/03/2020,30/03/2025,5928
8.284,4768,01/03/2020,30/03/2025,3120
8.284,5179,01/06/2020,30/06/2025,6240
8.284,5213,01/06/2020,30/06/2025,4056
8.286,3588,01/10/2018,30/10/2023,3168
8.286,4832,01/03/2020,30/03/2025,2520
8.287,4202,01/08/2019,30/08/2024,5976
8.287,4828,01/03/2020,30/03/2025,3600
8.288,5070,01/05/2020,30/05/2025,200
8.288,5091,01/05/2020,30/05/2025,220
8.289,4190,01/08/2019,30/08/2024,41
8.289,4887,01/04/2020,30/04/2025,32
8.289,4906,01/04/2020,30/04/2025,264
8.289,4941,01/04/2020,30/04/2025,160
8.289,5113,01/06/2020,30/06/2025,304
8.289,5145,01/06/2020,30/06/2025,256
8.289,5182,01/06/2020,30/06/2025,360
8.289,5204,01/06/2020,30/06/2025,168
8.289,5226,01/06/2020,30/06/2025,104
8.289,5252,01/07/2020,30/06/2025,80
8.289,5264,01/07/2020,30/07/2025,368
8.289,5283,01/07/2020,30/07/2025,280
8.289,5307,01/07/2020,30/07/2025,352
8.289,5350,01/07/2020,30/07/2025,160
8.290,4514,01/01/2020,30/01/2025,22302
8.290,4532,01/01/2020,30/01/2025,33900
8.290,5124,01/06/2020,30/06/2025,11600
8.290,5334,01/07/2020,30/07/2025,38400
8.291,3972,01/05/2019,30/05/2024,2
8.291,5613,01/09/2020,30/09/2025,36
8.291,5668,01/09/2020,30/09/2025,36
8.291,5691,01/09/2020,30/09/2025,156
8.291,5726,01/10/2020,30/10/2025,372
8.291,5771,01/10/2020,30/10/2025,708
8.291,5812,01/10/2020,30/10/2025,696
8.291,5833,01/10/2020,30/10/2025,324
8.291,5846,01/10/2020,30/10/2025,240
8.291,5867,01/11/2020,30/11/2025,240
8.292,3820,01/02/2019,28/02/2024,1
8.292,5807,01/10/2020,30/10/2025,476
8.293,5977,01/12/2020,30/11/2025,1716
8.294,5173,01/06/2020,30/06/2025,68364
8.295,5217,01/06/2020,30/06/2025,5
8.306,SAGAAA043A,01/08/2018,30/08/2023,1278
8.325,8834,01/01/2016,30/05/2025,12
8.341,20259S,01/07/2019,30/07/2021,12
8.341,O03187,01/09/2020,30/09/2022,4320
8.341,O03194,01/09/2020,30/09/2022,8376
8.341,O03226,01/09/2020,30/09/2022,4320
8.341,O03453,01/09/2020,30/09/2022,5520
8.342,669088A,01/03/2020,30/09/2021,12
8.349,20050298,01/05/2020,30/05/2022,8
8.349,20060496,01/06/2020,30/06/2022,48
8.352,1051540,01/05/2020,30/05/2022,1694
8.362,2006297,01/05/2020,30/05/2022,1799
8.362,2008457,01/06/2020,30/06/2022,2989
8.362,2008459,01/06/2020,30/06/2022,1178
8.362,2009172,01/06/2020,30/06/2022,815
8.362,2009173,01/06/2020,30/06/2022,3040
8.364,O03395,01/10/2020,30/10/2022,1
8.364,O03408,01/10/2020,30/10/2022,27
8.364,O03446,01/10/2020,30/10/2022,3
8.364,O03877,01/11/2020,30/11/2022,358
8.364,O03894,01/11/2020,30/11/2022,519
8.380,20287,01/06/2020,30/06/2023,120
8.388,M2003799,01/01/2020,30/12/2021,2760
8.388,M2003842,01/01/2020,30/12/2021,180
8.388,M2005608,01/02/2020,30/01/2022,450
8.388,M2011378,01/06/2020,30/05/2022,420
8.388,Y16437,01/09/2019,30/08/2021,356
8.389,M2012466,01/08/2020,30/07/2022,7834
8.389,M2012724,01/08/2020,30/07/2022,1586
8.390,M2014048,01/08/2020,30/07/2022,2981
8.390,M2014049,01/08/2020,30/07/2022,9360
8.390,M2014051,01/08/2020,30/07/2022,10920
8.390,M2014229,01/09/2020,30/08/2022,6480
8.394,20060608,01/07/2020,30/06/2022,3
8.395,20111287,01/12/2020,30/11/2022,120
8.395,20111289,01/12/2020,30/11/2022,767
8.395,20111290,01/01/2021,30/11/2022,780
8.395,20111292,01/12/2020,30/11/2022,880
8.395,20111296,01/01/2021,30/11/2022,900
8.395,20111297,01/01/2021,30/11/2022,1220
8.395,20111298,01/01/2021,30/11/2022,100
8.398,M915971,01/11/2019,30/10/2021,4830
8.398,M916760,01/11/2019,30/10/2021,614
8.406,9215229,01/06/2020,30/06/2022,7
8.406,9215231,01/06/2020,30/06/2022,100
8.412,SRI138/20LL,01/10/2020,30/10/2025,30
8.412,SRI179/20LL,01/08/2020,30/08/2025,430
8.413,SRI145/20MM,01/11/2020,30/11/2025,2520
8.413,SRI149/20MM,01/11/2020,30/11/2025,2783
8.413,SRI150/20MM,01/11/2020,30/11/2025,480
8.415,SRI144/20SS,01/10/2020,30/10/2025,280
8.415,SRI147/20SS,01/11/2020,30/11/2025,1690
8.415,SRI154/20SS,01/11/2020,30/11/2025,2000
8.421,1053735,01/06/2020,30/06/2022,606
8.443,2859168,01/04/2020,30/04/2022,20
8.444,20I10C,01/09/2020,30/09/2022,3120
8.444,20I10K,01/09/2020,30/09/2022,1080
8.444,20I11K,01/09/2020,30/09/2022,3048
8.444,20I12K,01/09/2020,30/09/2022,3168
8.444,20I25I,01/09/2020,30/09/2022,74
8.444,20I28I,01/09/2020,30/09/2022,2976
8.444,20I31K,01/09/2020,30/09/2022,1944
8.444,20I32K,01/09/2020,30/09/2022,3168
8.444,20I35K,01/09/2020,30/09/2022,3072
8.444,20I35L,01/09/2020,30/09/2022,1920
8.444,20I36K,01/09/2020,30/09/2022,3072
8.444,20I39G,01/09/2020,30/09/2022,3120
8.444,20I65B,01/09/2020,30/09/2022,1728
8.444,20I69G,01/09/2020,30/09/2022,1728
8.444,20I70G,01/09/2020,30/09/2022,3072
8.444,20I719,01/09/2020,30/09/2022,864
8.444,20I71G,01/09/2020,30/09/2022,504
8.444,20I721,01/09/2020,30/09/2022,2592
8.444,20I72G,01/09/2020,30/09/2022,864
8.444,20I76H,01/09/2020,30/09/2022,2256
8.444,20I778,01/09/2020,30/09/2022,1728
8.444,20I779,01/09/2020,30/09/2022,1728
8.444,20I77H,01/09/2020,30/09/2022,1368
8.444,20I78M,01/09/2020,30/09/2022,2503
8.444,20I79H,01/09/2020,30/09/2022,1392
8.444,20I848,01/09/2020,30/09/2022,576
8.444,20I84F,01/09/2020,30/09/2022,2280
8.444,20I85F,01/09/2020,30/09/2022,1392
8.444,20I86F,01/09/2020,30/09/2022,3072
8.444,20I87F,01/09/2020,30/09/2022,3048
8.444,20I88F,01/09/2020,30/09/2022,3072
8.444,20I89F,01/09/2020,30/09/2022,3072
8.444,20I978,01/09/2020,30/09/2022,3120
8.444,20I979,01/09/2020,30/09/2022,2304
8.444,20I980,01/09/2020,30/09/2022,3072
8.444,20I981,01/09/2020,30/09/2022,864
8.444,20I982,01/09/2020,30/09/2022,864
8.444,20I983,01/09/2020,30/09/2022,3024
8.444,20I984,01/09/2020,30/09/2022,3024
8.444,20l10K,01/09/2020,30/09/2022,216
8.450,20E151,01/04/2020,30/10/2021,75
8.460,20081017,01/08/2020,30/08/2022,11
8.466,CA20J375,01/10/2020,30/10/2022,8
8.468,AP19G217,01/07/2019,30/07/2021,3
8.468,AP19G218,01/07/2019,30/07/2021,8
8.468,AP20D108,01/04/2020,30/04/2022,48
8.468,AP20D109,01/04/2020,30/04/2022,269
8.468,AP20D110,01/04/2020,30/04/2022,180
8.469,20G95V,01/07/2020,30/07/2022,24
8.469,20H071,01/07/2020,30/07/2022,336
8.471,2010666,01/07/2020,30/07/2022,403
8.471,2010667,01/07/2020,30/07/2022,299
8.476,G781,01/11/2019,30/11/2024,11
8.476,G832,01/12/2019,30/12/2024,1
8.491,H115,01/02/2020,28/02/2025,306000
8.507,87059S,01/05/2019,30/05/2021,177
8.507,O03233,01/09/2020,30/09/2022,1984
8.510,20203020,01/08/2020,30/08/2022,28
8.526,LXQ,01/10/2020,30/09/2022,20
8.543,2008023,01/06/2020,30/06/2022,714
8.543,2008124,01/06/2020,30/06/2022,1617
8.543,2008125,01/06/2020,30/06/2022,1594
8.543,2010260,01/07/2020,30/07/2022,1087
8.547,001021,01/01/2021,30/01/2023,6
8.547,001121,01/01/2021,30/01/2023,33
8.547,001221,01/01/2021,30/01/2023,33
8.547,001321,01/01/2021,30/01/2023,33
8.547,001421,01/01/2021,30/01/2023,33
8.547,001521,01/01/2021,30/01/2023,33
8.547,001621,01/01/2021,30/01/2023,33
8.547,001721,01/01/2021,30/01/2023,33
8.547,001821,01/01/2021,30/01/2023,33
8.547,001921,01/01/2021,30/01/2023,33
8.547,002021,01/01/2021,30/01/2023,33
8.547,002121,01/01/2021,30/01/2023,33
8.547,002221,01/01/2021,30/01/2023,31
8.547,133020,01/12/2020,30/12/2022,1
8.547,133120,01/12/2020,30/12/2022,33
8.547,133220,01/12/2020,30/12/2022,33
8.547,133420,01/12/2020,30/12/2022,33
8.547,133520,01/12/2020,30/12/2022,33
8.547,133620,01/12/2020,30/12/2022,33
8.547,133720,01/12/2020,30/12/2022,2
8.547,133820,01/12/2020,30/12/2022,33
8.547,133920,01/12/2020,30/12/2022,33
8.547,134620,01/12/2020,30/12/2022,33
8.628,19831,01/01/2020,30/01/2022,3
8.628,19884,01/06/2020,30/06/2022,100
8.628,19905,01/12/2020,30/12/2022,19300
8.628,19906,01/12/2020,30/12/2022,9100
8.652,G686,01/10/2019,30/10/2024,20500
8.652,G750,01/11/2019,30/11/2024,50000
8.653,G526,01/08/2019,30/08/2024,25000
8.653,G547,01/08/2019,30/08/2024,50000
8.654,G747,01/11/2019,30/11/2024,160000
8.654,H95,01/02/2020,28/02/2025,23500
8.655,G751,01/11/2019,30/11/2024,36000
8.655,H104,01/02/2020,28/02/2025,49000
8.679,0311168,01/12/2020,30/12/2022,41
8.687,ECZ,01/01/2020,30/12/2021,57
8.687,EDA,01/01/2020,30/12/2021,66
8.696,2156,01/01/2017,30/01/2022,2178
8.702,20E0222A,01/05/2020,30/05/2022,55
8.716,2008782,01/06/2020,30/06/2022,66
8.716,2008783,01/06/2020,30/06/2022,9
8.727,4054234,01/04/2020,30/04/2022,5
8.737,20J69E,01/10/2020,30/10/2022,30
8.737,20J70E,01/10/2020,30/10/2022,7
8.777,20G151,01/07/2020,30/07/2022,76
8.785,92060226,01/05/2020,30/05/2022,1
8.785,92060227,01/06/2020,30/06/2022,30
8.785,92060237,01/06/2020,30/06/2022,8
8.792,20050355,01/05/2020,30/05/2022,85
8.799,20J931,01/10/2020,30/10/2022,2473
8.810,200755,01/11/2020,30/11/2022,13
8.816,66196,01/06/2020,30/06/2022,29
8.816,66197,01/06/2020,30/06/2022,51
8.816,66200,01/08/2020,30/08/2022,89
8.816,66202,01/10/2020,30/10/2022,12
8.817,094/20,01/05/2020,30/05/2023,128
8.817,095/20,01/05/2020,30/05/2023,128
8.817,098/20,01/05/2020,30/05/2023,96
8.817,099/20,01/05/2020,30/05/2023,129
8.817,101/20,01/06/2020,30/06/2023,49
8.817,102/20,01/06/2020,30/06/2023,2
8.817,106/20,01/06/2020,30/06/2023,2
8.817,122/20,01/07/2020,30/07/2023,1
8.817,134/20,01/08/2020,30/08/2023,1
8.817,156/20,01/09/2020,30/09/2023,15
8.817,157/20,01/09/2020,30/09/2023,130
8.817,158/20,01/09/2020,30/09/2023,127
8.817,159/20,01/09/2020,30/09/2023,129
8.817,160/20,01/09/2020,30/09/2023,128
8.817,161/20,01/09/2020,30/09/2023,128
8.817,164/20,01/09/2020,30/09/2023,125
8.817,165/20,01/09/2020,30/09/2023,2
8.817,166/20,01/09/2020,30/09/2023,129
8.817,167/20,01/09/2020,30/09/2023,130
8.817,168/20,01/09/2020,30/09/2023,130
8.817,175/20,01/09/2020,30/09/2023,128
8.817,181/20,01/10/2020,30/10/2023,122
8.817,182/20,01/10/2020,30/10/2023,131
8.817,18520,01/10/2020,30/10/2023,129
8.823,20101510,01/10/2020,30/10/2022,3645
8.825,20101527,01/10/2020,30/10/2022,6
8.835,AX919,01/06/2020,30/05/2022,1784
8.835,AX920,01/06/2020,30/05/2022,139
8.841,20070266,01/07/2020,30/07/2023,108
8.844,117304,01/08/2020,30/08/2022,1
8.844,117319,01/12/2020,30/12/2022,760
8.846,651401A,01/11/2019,30/11/2021,68
8.875,19I64D,01/09/2019,30/09/2021,230
8.876,108783C,01/03/2020,30/03/2022,971
8.882,19865,01/04/2020,30/04/2022,1039
8.882,19866,01/04/2020,30/04/2022,3600
8.882,19868,01/06/2020,30/06/2022,9000
8.882,19869,01/06/2020,30/06/2022,3800
8.882,19888,01/06/2020,30/06/2022,4950
8.882,19889,01/06/2020,30/06/2022,9650
8.882,19891,01/07/2020,30/07/2022,5350
8.889,AB49283,01/05/2020,30/04/2022,941
8.892,20B764,01/02/2020,28/02/2022,994
8.895,113070,01/12/2019,30/12/2021,1376
8.904,63217053,01/05/2017,30/05/2022,217
8.908,20I642,01/09/2020,30/09/2022,89
8.908,20I643,01/09/2020,30/09/2022,144
8.908,20I64N,01/09/2020,30/09/2022,70
8.909,20G917,01/07/2020,30/04/2022,1525
8.909,20J039,01/09/2020,30/06/2022,2800
8.910,20D403,01/04/2020,30/01/2022,1
8.910,20K383,01/10/2020,30/07/2022,2797
8.911,19K07L,01/11/2019,30/11/2021,11
8.911,20B12I,01/02/2020,28/02/2022,40
8.913,3937K,01/11/2017,30/11/2022,1016
8.921,14745,01/11/2020,30/11/2022,100
8.921,14746,01/11/2020,30/11/2022,46
8.942,20K554,01/11/2020,30/11/2022,36
8.949,19J860,01/09/2019,30/09/2021,0
8.953,2012226,01/06/2020,30/12/2021,1480
8.953,2014364,01/06/2020,30/12/2021,251
8.953,2015126,01/07/2020,30/01/2022,2114
8.953,2015143,01/07/2020,30/01/2022,200
8.953,2015172,01/07/2020,30/01/2022,2000
8.953,2017756,01/08/2020,28/02/2022,2000
8.953,2017787,01/08/2020,28/02/2022,982
8.953,2018164,01/09/2020,30/03/2022,3918
8.955,20040642,01/04/2020,30/04/2023,96
8.957,DB20J369,01/10/2020,30/10/2022,330
8.959,75PM7,01/07/2018,30/07/2021,260
8.959,97PM7,01/11/2018,30/11/2021,672
8.959,98PM7,01/11/2018,30/11/2021,1008
8.970,0000098XM,01/11/2018,30/11/2021,2
8.993,2037005,01/02/2020,28/02/2022,2208
8.993,2037006,01/02/2020,28/02/2022,1190
8.994,19005178,01/12/2019,30/12/2021,280
8.995,19050495,01/05/2019,30/05/2021,7
8.996,20C76M,01/03/2020,30/12/2021,15
9.002,1002/20,01/09/2020,30/08/2022,5
9.002,1259/20,01/10/2020,30/09/2022,286
9.002,1272/20,01/11/2020,30/10/2022,41
9.002,1284/20,01/11/2020,30/10/2022,445
9.015,0000013077,01/05/2019,30/05/2021,5
9.015,00009841,01/12/2018,30/12/2020,375
9.015,00020101,01/06/2020,30/06/2022,2845
9.015,00022240,01/08/2020,30/08/2022,149680
9.015,00023015,01/10/2020,30/10/2022,98163
9.023,B20A1284,01/01/2020,30/01/2022,31
9.035,19L492,01/11/2019,30/11/2021,1528
9.039,20080343,01/08/2020,30/08/2022,24
9.047,2003409,01/03/2020,30/03/2022,890
9.047,2004748,01/04/2020,30/04/2022,1237
9.053,72798,01/11/2020,30/11/2022,150
9.053,72800,01/11/2020,30/11/2022,150
9.053,72801,01/11/2020,30/11/2022,470
9.053,72804,01/11/2020,30/11/2022,450
9.053,72805,01/11/2020,30/11/2022,340
9.053,72806,01/11/2020,30/11/2022,470
9.087,B20H1725,01/08/2020,30/08/2022,60
9.088,20J23K,01/10/2020,30/10/2022,3024
9.088,20J24A,01/10/2020,30/10/2022,1008
9.088,20J60I,01/10/2020,30/10/2022,2016
9.088,20J83L,01/10/2020,30/10/2022,2016
9.088,20J992,01/10/2020,30/10/2022,337
9.088,20K75F,01/11/2020,30/11/2022,2291
9.101,B20F1389,01/07/2020,30/07/2022,1052
9.123,20071336,01/07/2020,30/07/2022,248
9.123,20071500,01/07/2020,30/07/2022,3
9.127,20060698,01/06/2020,30/06/2022,30
9.129,1905424,01/06/2019,30/06/2021,8
9.129,1909857,01/09/2019,30/09/2021,7
9.129,1911251,01/10/2019,30/10/2021,4
9.129,1911253,01/10/2019,30/10/2021,36
9.129,1911255,01/10/2019,30/10/2021,160
9.129,2006117,01/05/2020,30/05/2022,6
9.129,2006118,01/05/2020,30/05/2022,182
9.136,190710,01/07/2019,30/07/2021,344
9.136,190711,01/07/2019,30/07/2021,256
9.147,3637387,01/06/2020,30/06/2022,4
9.155,2004058,01/04/2020,30/04/2022,6136
9.155,2005037,01/05/2020,30/05/2022,100
9.158,19E06L,01/05/2019,30/05/2021,0
9.158,19E07L,01/05/2019,30/05/2021,36
9.163,2011750,01/03/2020,30/03/2022,40
9.163,2011758,01/03/2020,30/03/2022,20
9.163,2011759,01/03/2020,30/03/2022,39
9.163,2011802,01/03/2020,30/03/2022,100
9.163,2011803,01/03/2020,30/03/2022,89
9.163,2011804,01/03/2020,30/03/2022,50
9.175,20040047,01/04/2020,30/04/2022,143
9.201,000820,01/03/2020,30/03/2023,10200
9.201,000920,01/04/2020,30/04/2023,18000
9.201,001020,01/04/2020,30/04/2023,9301
9.201,001120,01/04/2020,30/04/2023,12036
9.201,001220,01/04/2020,30/04/2023,19479
9.201,001320,01/06/2020,30/06/2023,15085
9.201,001420,01/06/2020,30/06/2023,12700
9.201,001520,01/06/2020,30/06/2023,19189
9.201,001620,01/06/2020,30/06/2023,19412
9.201,001720,01/06/2020,30/06/2023,18997
9.201,001820,01/06/2020,30/06/2023,19289
9.201,001919,01/10/2019,30/10/2022,1
9.201,001920,01/08/2020,30/08/2023,20000
9.201,002020,01/08/2020,30/08/2023,20000
9.201,002120,01/08/2020,30/08/2023,17847
9.201,002220,01/08/2020,30/08/2023,14702
9.201,002220,01/09/2020,30/08/2023,3139
9.201,002320,01/12/2020,30/11/2023,15824
9.201,002420,01/12/2020,30/11/2023,19289
9.201,002520,01/12/2020,30/11/2023,19547
9.201,002620,01/12/2020,30/11/2023,19200
9.201,002720,01/12/2020,30/12/2023,18800
9.201,002820,01/12/2020,30/12/2023,19300
9.201,002920,01/12/2020,30/12/2023,18300
9.201,003020,01/12/2020,30/12/2023,18800
9.230,1912098,01/06/2019,30/06/2021,77
9.237,3466,01/08/2018,30/08/2023,24
9.237,4683,01/02/2020,28/02/2025,102
9.241,1907006,01/07/2019,30/07/2021,749
9.254,079050,01/07/2019,30/07/2021,9183
9.254,079055,01/07/2019,30/07/2021,3642
9.286,1178/19,01/11/2019,30/10/2021,1
9.286,117819,01/11/2019,30/10/2021,4
9.291,20PF20179,01/10/2020,30/10/2022,600
9.304,SSALAA0076,01/08/2018,30/08/2023,1
9.309,3926,01/04/2019,30/04/2024,275
9.309,4172,01/08/2019,30/08/2024,496
9.309,4180,01/08/2019,30/08/2024,896
9.309,4193,01/08/2019,30/08/2024,608
9.309,4340,01/10/2019,30/10/2024,640
9.309,4354,01/11/2019,30/11/2024,976
9.309,4384,01/11/2019,30/11/2024,1264
9.309,4412,01/12/2019,30/11/2024,128
9.309,4457,01/12/2019,30/12/2024,544
9.309,4474,01/01/2020,30/01/2025,320
9.309,4530,01/01/2020,30/01/2025,320
9.309,4567,01/01/2020,30/01/2025,320
9.313,20B039,01/01/2020,30/01/2022,8
9.314,20H07K,01/08/2020,30/08/2022,139
9.445,30900520,01/12/2020,30/12/2022,1721
9.445,30900620,01/12/2020,30/12/2022,1954
9.453,2011781,01/06/2020,30/06/2022,586
9.453,2015571,01/07/2020,30/07/2022,4000
9.453,2015783,01/07/2020,30/07/2022,3251
9.453,2015784,01/07/2020,30/07/2022,4000
9.453,2016265,01/08/2020,30/08/2022,500
9.555,AY293,01/06/2020,30/05/2022,20
9.569,2771A,01/05/2020,30/05/2022,58
9.569,2803A,01/07/2020,30/07/2022,240
9.569,2804A,01/07/2020,30/07/2022,0
9.569,2806A,01/07/2020,30/07/2022,235
9.569,2807A,01/07/2020,30/07/2022,240
9.569,2808A,01/07/2020,30/07/2022,44
9.569,2812A,01/09/2020,30/09/2022,50
9.569,2814A,01/09/2020,30/09/2022,254
9.569,2854A,01/11/2020,30/11/2022,240
9.569,2855A,01/11/2020,30/11/2022,259
9.569,2858A,01/12/2020,30/12/2022,449
9.569,2859A,01/12/2020,30/12/2022,49
9.574,96320087,01/08/2020,30/08/2022,115
9.574,96320091,01/09/2020,30/09/2022,146
9.576,20060728,01/06/2020,30/06/2022,272
9.576,20070910,01/07/2020,30/07/2022,348
9.576,20070911,01/07/2020,30/07/2022,60
9.577,42660010,01/02/2019,28/02/2021,1228
9.577,42660012,01/02/2019,28/02/2021,291
9.602,AX284,01/08/2019,30/07/2021,813
9.602,AX285,01/08/2019,30/07/2021,943
9.602,AX286,01/08/2019,30/07/2021,581
9.602,AX287,01/08/2019,30/07/2021,733
9.614,2010191,01/07/2020,30/07/2022,362
9.629,264019,01/11/2019,30/11/2021,37
9.629,264119,01/11/2019,30/11/2021,70
9.629,265419,01/11/2019,30/11/2021,70
9.630,082020,01/04/2020,30/04/2022,350
9.630,082220,01/04/2020,30/04/2022,182
9.630,082320,01/04/2020,30/04/2022,280
9.632,066720,01/03/2020,30/03/2022,104
9.632,066820,01/03/2020,30/03/2022,95
9.632,149919,01/07/2019,30/07/2021,70
9.632,150219,01/07/2019,30/07/2021,10
9.633,126719,01/06/2019,30/06/2021,53
9.633,126819,01/06/2019,30/06/2021,70
9.635,065520,01/03/2020,30/03/2022,90
9.635,065620,01/03/2020,30/03/2022,9
9.635,149119,01/07/2019,30/07/2021,28
9.641,99016,01/07/2020,30/07/2022,300
9.755,20I926,01/08/2020,30/08/2022,307
9.755,20J01I,01/10/2020,30/10/2022,161
9.758,HS20I042,01/09/2020,30/09/2022,144
9.758,HS20L051,01/12/2020,30/11/2022,200
9.759,1290644,01/05/2020,30/05/2022,4716
9.760,12360375,30/01/2019,30/01/2021,150
9.760,12360438,01/07/2019,30/07/2021,56
9.760,12360507,01/03/2020,30/03/2022,240
9.778,20H69F,01/07/2020,30/07/2022,10
9.779,21010160,01/11/2020,30/11/2022,154
9.779,21010164,01/11/2020,30/11/2022,99
9.779,21010165,01/11/2020,30/11/2022,31
9.811,B20E2572,01/06/2020,30/06/2023,756
9.811,B20E2573,01/06/2020,30/06/2023,388
9.818,O00057,01/02/2020,28/02/2022,410
9.857,19G912,01/07/2019,30/07/2021,25
9.858,20F03L,01/06/2020,30/06/2022,305
9.862,13480,01/10/2019,30/10/2022,4104
9.862,13531,01/10/2019,30/10/2022,1
9.862,269701001,01/01/2021,30/01/2024,5600
9.862,93401001,01/05/2020,30/05/2023,114
9.862,95501001,01/05/2020,30/05/2023,3400
9.863,127101001,01/07/2020,30/07/2023,10787
9.863,135301001,01/07/2020,30/07/2023,935
9.863,276601001,01/02/2021,28/02/2024,150
9.863,279101001,01/02/2021,28/02/2024,8250
9.864,12542,01/07/2019,30/07/2022,319
9.877,2005496,01/04/2020,30/04/2022,11819
9.880,20H848,01/07/2020,30/07/2022,254
9.880,20H849,01/07/2020,30/07/2022,67
9.880,20J95H,01/10/2020,30/10/2022,336
9.880,20J99H,01/10/2020,30/10/2022,528
9.880,20K692,01/10/2020,30/10/2022,528
9.880,20K693,01/10/2020,30/10/2022,144
10.010,74NF2287,01/06/2019,30/05/2021,1668
10.012,20070554,01/07/2020,30/07/2022,105
10.013,20020380,01/02/2020,28/02/2022,25
10.071,20J675,01/10/2020,30/04/2022,113
10.071,20J676,01/10/2020,30/04/2022,1024
10.075,88859S,01/05/2019,30/05/2021,19
10.136,MD20J371,01/10/2020,30/10/2022,140
10.163,20J575,01/10/2020,30/04/2022,215
10.165,19J88F,01/10/2019,30/10/2021,100
10.166,AB53235,01/06/2020,30/05/2022,511
10.166,AB59954,01/06/2020,30/05/2022,431
10.166,AB59955,01/06/2020,30/05/2022,20
10.166,AB65287,01/07/2020,30/06/2022,37
10.166,AB65288,01/07/2020,30/06/2022,19
10.167,AB46890,01/05/2020,30/04/2022,8
10.167,AB46893,01/05/2020,30/04/2022,29
10.170,3824,01/03/2019,30/03/2024,144
10.170,3884,01/03/2019,30/03/2024,136
10.170,3899,01/04/2019,30/04/2024,32
10.170,4120,01/07/2019,30/07/2024,544
10.170,4214,01/09/2019,30/09/2024,48
10.170,4702,01/02/2020,28/02/2025,40
10.170,4748,01/03/2020,30/03/2025,200
10.170,4784,01/03/2020,30/03/2025,160
10.206,20H78S,01/08/2020,30/08/2022,46
10.214,1913195,01/07/2019,30/07/2021,1
10.228,100529S,01/03/2020,30/03/2022,121
10.256,20030889,01/03/2020,30/03/2023,609
10.256,20030896,01/03/2020,30/03/2023,41
10.256,20100554,01/10/2020,30/10/2022,94
10.256,20100772,01/10/2020,30/10/2022,480
10.256,20100778,01/10/2020,30/10/2022,600
10.256,20100780,01/10/2020,30/10/2022,120
10.258,19095135,01/09/2019,30/09/2021,1700
10.258,20030860,01/03/2020,30/03/2023,26720
10.258,20030861,01/03/2020,30/03/2023,3280
10.262,AB82189,01/09/2020,30/08/2022,18
10.262,AB82192,01/09/2020,30/08/2022,1
10.267,AB94006,01/10/2020,30/09/2023,311
10.268,AB19258,01/02/2020,30/01/2022,21
10.268,AB77558,01/08/2020,30/07/2022,15
10.268,AB77560,01/08/2020,30/07/2022,68
10.294,0000013931,01/05/2019,30/05/2021,320
10.296,AB25498,01/02/2020,30/01/2022,27
10.297,AB63506,01/07/2020,30/06/2022,16
10.297,AB74313,01/07/2020,30/06/2022,26
10.297,AB91598,01/09/2020,30/08/2022,22
10.309,ME10190677,01/07/2019,30/07/2024,6
10.366,4745,01/10/2020,30/10/2022,8
10.366,4746,01/11/2020,30/11/2022,255
10.378,AB52870,01/05/2020,30/04/2022,2253
10.378,AB52875,01/05/2020,30/04/2022,548
10.381,AB05761,01/12/2019,30/11/2021,340
10.381,AB11685,01/01/2020,30/12/2021,179
10.381,AB11693,01/01/2020,30/12/2021,828
10.386,AB62023,01/06/2020,30/05/2022,16
10.387,2007463,01/07/2020,30/07/2022,1268
10.393,AB19237,01/02/2020,30/01/2022,800
10.393,AB19241,01/02/2020,30/01/2022,761
10.393,AB19243,01/02/2020,30/01/2022,1664
10.393,AB19255,01/02/2020,30/01/2022,50
10.393,AB34852,01/04/2020,30/03/2022,351
10.407,AB71205,01/07/2020,30/06/2022,10
10.419,94580016,01/06/2020,30/06/2022,1
10.419,94580026,01/11/2020,30/11/2022,36
10.419,94580027,01/11/2020,30/11/2022,36
10.422,2012778,01/06/2020,30/06/2022,58
10.424,AB50316,01/05/2020,30/04/2022,167
10.424,AB80296,01/08/2020,30/07/2022,301
10.472,AB17213,01/01/2020,30/12/2021,9
10.472,AB38838,01/04/2020,30/03/2022,20
10.485,19J9167C,01/10/2019,30/10/2021,149
10.497,AB89040,01/09/2020,30/08/2023,168
10.500,200025,01/01/2020,30/01/2022,2
10.501,190682,01/11/2019,30/11/2021,540
10.514,20050782,01/05/2020,30/05/2022,989
10.514,20060813,01/06/2020,30/06/2022,6672
10.514,20060814,01/06/2020,30/06/2022,324
10.514,20060909,01/06/2020,30/06/2022,6768
10.514,20060910,01/06/2020,30/06/2022,3240
10.518,200789,01/12/2020,30/12/2022,178
10.520,2795A,01/06/2020,30/06/2022,865
10.551,20040187,01/04/2020,30/04/2022,7
10.551,20060327,01/06/2020,30/06/2022,72
10.552,O04013,01/11/2020,30/11/2022,464
10.570,AB57837,01/06/2020,30/05/2023,17
10.570,AB74423,01/08/2020,30/07/2023,170
10.570,AB74437,01/08/2020,30/07/2023,2
10.570,AB75270,01/08/2020,30/07/2023,8
10.572,AB50420,01/05/2020,30/04/2022,68
10.612,200182,01/03/2020,30/03/2022,1
10.612,200395,01/06/2020,30/06/2022,2372
10.671,AA96567,01/11/2019,30/10/2021,2
10.680,19090147,01/09/2019,30/09/2022,37
10.681,AB34459,01/03/2020,28/02/2022,6
10.681,AB65487,01/07/2020,30/06/2022,10
10.682,O02228,01/07/2020,30/07/2022,3874
10.682,O02356,01/07/2020,30/07/2022,3072
10.682,O02391,01/07/2020,30/07/2022,3104
10.710,2007168,01/05/2020,30/05/2022,81
10.711,COV20030060,01/03/2020,30/03/2022,6
10.711,COV20050067,01/05/2020,30/05/2022,12
10.726,17468,01/08/2020,30/08/2022,40
10.726,17470,01/08/2020,30/08/2022,20
10.741,20D23E,01/04/2020,30/04/2022,195
10.747,20030817,01/03/2020,30/03/2023,301
10.747,20110677,01/11/2020,30/11/2022,25
10.747,20110871,01/11/2020,30/11/2022,431
10.767,W86T,01/11/2019,30/11/2021,7200
10.767,WV2G,01/11/2019,30/11/2021,11117
10.773,AB46123,01/05/2020,30/04/2023,5057
10.866,20K22H,01/11/2020,30/11/2022,187
10.866,20K24J,01/11/2020,30/11/2022,84
10.866,20L020,01/11/2020,30/11/2022,576
10.881,2014357,01/07/2020,30/07/2022,14732
10.881,2014358,01/07/2020,30/07/2022,366
10.881,2014359,01/07/2020,30/07/2022,18000
10.881,2014363,01/07/2020,30/07/2022,18000
10.882,1918385,01/11/2019,30/11/2021,13
10.906,050146,01/06/2020,30/05/2022,12368
10.924,MT20H032,01/08/2020,30/08/2022,614
10.924,MT20H033,01/09/2020,30/08/2022,222
10.925,AA68198,01/08/2019,30/07/2021,3
10.950,BR120241,01/02/2020,30/01/2022,25233
10.961,OSH10501,01/05/2020,30/05/2022,784
11.006,80270,01/06/2020,30/06/2022,2
11.006,80375,01/06/2020,30/06/2022,160
11.006,80487,01/06/2020,30/06/2022,31
11.024,9067256,01/04/2020,30/04/2022,11
11.025,AB09741,01/01/2020,30/12/2022,7
11.025,AB42336,01/04/2020,30/03/2023,24
11.025,AB60139,01/06/2020,30/05/2023,36
11.047,78PF2066,01/06/2020,30/06/2022,4
11.091,B20B2263,01/02/2020,28/02/2022,3021
11.099,25102820,01/09/2020,30/09/2022,200
11.141,058532,01/10/2020,30/10/2022,8020
11.141,058541,01/10/2020,30/10/2022,23340
11.157,M005013,01/05/2020,30/04/2022,5451
11.161,AB05757,01/12/2019,30/11/2021,437
11.161,AB11687,01/01/2020,30/12/2021,166
11.161,AB11695,01/01/2020,30/12/2021,338
11.161,AB71166,01/07/2020,30/06/2022,353
11.166,33720,01/07/2020,30/07/2022,2
11.167,415-064/20,01/11/2020,30/11/2022,15
11.180,42401319,01/07/2019,30/07/2021,1
11.181,19E50C,01/05/2019,30/05/2021,0
11.181,19E51C,01/05/2019,30/05/2021,0
11.181,19E52C,01/05/2019,30/05/2021,0
11.181,19E53C,01/05/2019,30/05/2021,0
11.181,19E54C,01/05/2019,30/05/2021,6
11.181,19H15J,01/08/2019,30/08/2021,0
11.201,20F0007,01/05/2020,30/05/2022,0
11.202,20J0210,01/10/2020,30/10/2022,6
11.220,00020436,01/06/2020,30/06/2023,351
11.220,00020721,01/07/2020,30/07/2023,9
11.222,WFF20099,01/07/2020,30/07/2024,28
11.222,WFF20145,01/08/2020,30/08/2024,331
11.222,WFF20146,01/08/2020,30/08/2024,669
11.240,AB46121,01/05/2020,30/04/2023,777
11.240,AB62872,01/06/2020,30/05/2023,241
11.240,AB75294,01/08/2020,30/07/2023,539
11.240,AB75295,01/08/2020,30/07/2023,1259
11.241,2019369,01/09/2020,30/03/2022,4580
11.241,2019467,01/09/2020,30/03/2022,6815
11.244,2016406,01/08/2020,30/08/2023,6800
11.244,2016480,01/08/2020,30/08/2023,430
11.245,2018050,01/08/2020,30/08/2022,18000
11.245,2018093,01/08/2020,30/08/2022,38800
11.245,2018193,01/08/2020,30/08/2022,43200
11.245,2018270,01/08/2020,30/08/2022,43200
11.245,2018271,01/08/2020,30/08/2022,28483
11.245,2018379,01/09/2020,30/09/2022,41800
11.245,2018430,01/09/2020,30/09/2022,27000
11.316,FS20I070,01/09/2020,30/09/2022,65
11.335,2010396,01/08/2020,30/08/2022,1
11.335,2010406,01/08/2020,30/08/2022,195
11.345,A12706C,01/06/2019,30/05/2021,10
11.350,87305219,01/06/2019,30/06/2021,54
11.353,9071035,01/04/2020,30/04/2022,169
11.356,2021193,01/10/2020,30/10/2022,40150
11.370,00021392,01/01/2020,30/01/2022,5874
11.370,00023241,01/05/2020,30/05/2022,305
11.400,058129,01/09/2020,30/09/2022,13
11.400,058137,01/09/2020,30/09/2022,1054
11.400,058138,01/09/2020,30/09/2022,11233
11.400,058139,01/09/2020,30/09/2022,13702
11.400,058140,01/09/2020,30/09/2022,23383
11.400,058141,01/09/2020,30/09/2022,589
11.426,BF-002/20,01/11/2020,30/04/2022,233
11.451,20F638,01/06/2020,30/06/2022,18
11.451,20H87D,01/08/2020,30/08/2022,22
11.454,20L0150,01/12/2020,30/12/2022,17
11.471,20070103,01/07/2020,30/07/2023,6562
11.472,20070104,01/07/2020,30/07/2023,1290
11.473,20070102,01/07/2020,30/07/2023,5069
11.482,2024919,01/11/2020,30/11/2022,19441
11.495,20040101,01/04/2020,30/04/2023,500
11.515,0000145271,01/12/2020,30/12/2022,7560
11.515,0000145272,01/12/2020,30/12/2022,16020
11.515,0000145273,01/12/2020,30/12/2022,16080
11.515,0000145289,01/12/2020,30/12/2022,60
11.525,672218,01/04/2020,30/04/2022,840
11.539,20120407,01/12/2020,30/12/2022,600
11.539,20120408,01/12/2020,30/12/2022,660
11.539,20120444,01/12/2020,30/12/2022,660
11.539,20120459,01/12/2020,30/12/2022,180
11.546,PL0420060A,01/11/2020,30/07/2022,