58,20010357,01/01/2020 00:00:00,30/07/2021 00:00:00,360
59,19090417,01/09/2019 00:00:00,30/09/2022 00:00:00,1.050
61,9045041,01/12/2019 00:00:00,30/06/2021 00:00:00,2.600
75,20020381,01/02/2020 00:00:00,28/02/2022 00:00:00,350
89,19080195,01/08/2019 00:00:00,30/08/2021 00:00:00,3.000
90,20050569,01/04/2020 00:00:00,30/04/2022 00:00:00,100
128,AD-025/20,01/09/2020 00:00:00,30/08/2022 00:00:00,5.000
130,2027183,01/06/2020 00:00:00,30/06/2022 00:00:00,3.000
132,20080920,01/08/2020 00:00:00,30/08/2022 00:00:00,4.100
132,20101043,01/10/2020 00:00:00,30/10/2022 00:00:00,20.000
151,20030376,01/03/2020 00:00:00,30/03/2022 00:00:00,200
156,19010648,01/01/2019 00:00:00,30/01/2022 00:00:00,840
168,2501179,01/09/2019 00:00:00,30/09/2021 00:00:00,5.400
168,2501184,01/10/2019 00:00:00,30/10/2021 00:00:00,950
168,2501185,01/11/2019 00:00:00,30/11/2021 00:00:00,1.750
168,2501186,01/11/2019 00:00:00,30/11/2021 00:00:00,1.250
168,2501187,01/11/2019 00:00:00,30/11/2021 00:00:00,50
168,2501188,01/12/2019 00:00:00,30/12/2021 00:00:00,700
168,2501190,01/01/2020 00:00:00,30/01/2022 00:00:00,1.300
168,2501193,01/06/2020 00:00:00,30/06/2022 00:00:00,800
168,2501194,01/06/2020 00:00:00,30/06/2022 00:00:00,300
181,8985060,01/01/2020 00:00:00,30/01/2022 00:00:00,1.700
181,8985061,01/04/2020 00:00:00,30/04/2022 00:00:00,2.400
188,2022454,01/06/2020 00:00:00,30/06/2022 00:00:00,882
240,9069346,01/03/2020 00:00:00,30/03/2022 00:00:00,4.980
241,9068086,01/02/2020 00:00:00,28/02/2022 00:00:00,840
241,9068087,01/03/2020 00:00:00,30/03/2022 00:00:00,840
281,20F01F,01/06/2020 00:00:00,30/06/2022 00:00:00,225
281,20F02R,01/06/2020 00:00:00,30/06/2022 00:00:00,359.700
281,20F13M,01/06/2020 00:00:00,30/06/2022 00:00:00,342.000
281,20F15M,01/06/2020 00:00:00,30/06/2022 00:00:00,568.500
281,20F16M,01/06/2020 00:00:00,30/06/2022 00:00:00,15.300
281,20F17M,01/06/2020 00:00:00,30/06/2022 00:00:00,720.000
281,20K65G,01/11/2020 00:00:00,30/11/2022 00:00:00,54.000
302,25961334,01/04/2020 00:00:00,30/04/2022 00:00:00,150
302,25961337,01/04/2020 00:00:00,30/04/2022 00:00:00,500
302,25961370,01/06/2020 00:00:00,30/06/2022 00:00:00,50
302,2596582,01/12/2014 00:00:00,30/12/2016 00:00:00,100
322,AP-280/20,01/08/2020 00:00:00,30/07/2022 00:00:00,97
322,AP-337/20,01/10/2020 00:00:00,30/09/2022 00:00:00,2.000
333,BDJ,01/09/2019 00:00:00,30/08/2021 00:00:00,1.000
334,20J11058D,01/10/2020 00:00:00,30/10/2022 00:00:00,29.800
345,20H10827D,01/08/2020 00:00:00,30/08/2022 00:00:00,32.400
345,20H10828D,01/08/2020 00:00:00,30/08/2022 00:00:00,4.200
345,20H10852D,01/08/2020 00:00:00,30/08/2022 00:00:00,50.400
345,20H10880D,01/08/2020 00:00:00,30/08/2022 00:00:00,50.400
345,20I10923D,01/09/2020 00:00:00,30/09/2022 00:00:00,67.000
345,20I10924D,01/09/2020 00:00:00,30/09/2022 00:00:00,33.000
345,20I10952D,01/09/2020 00:00:00,30/09/2022 00:00:00,87.600
345,20I10953D,01/09/2020 00:00:00,30/09/2022 00:00:00,12.400
345,20I11008D,01/09/2020 00:00:00,30/09/2022 00:00:00,32.200
345,20I11009D,01/09/2020 00:00:00,30/09/2022 00:00:00,67.800
345,20J11045D,01/10/2020 00:00:00,30/10/2022 00:00:00,12.400
345,20J11046D,01/10/2020 00:00:00,30/10/2022 00:00:00,85.000
345,20J11086D,01/10/2020 00:00:00,30/10/2022 00:00:00,9.400
345,20J11088D,01/10/2020 00:00:00,30/10/2022 00:00:00,90.600
358,2006645,01/02/2020 00:00:00,28/02/2022 00:00:00,48
358,2014214,01/04/2020 00:00:00,30/04/2022 00:00:00,10.500
360,5198333,01/12/2019 00:00:00,30/12/2021 00:00:00,1.080
360,5198368,01/03/2020 00:00:00,30/03/2022 00:00:00,1.440
369,20040547,01/04/2020 00:00:00,30/04/2022 00:00:00,2.160
430,HSP,01/11/2020 00:00:00,30/10/2022 00:00:00,54.600
430,HSQ,01/11/2020 00:00:00,30/10/2022 00:00:00,45.400
438,11504820,01/02/2020 00:00:00,28/02/2022 00:00:00,300
438,11509320,01/04/2020 00:00:00,30/04/2022 00:00:00,14.900
438,11513620,01/06/2020 00:00:00,30/06/2022 00:00:00,87.800
438,11513720,01/06/2020 00:00:00,30/06/2022 00:00:00,70.400
438,11514320,01/06/2020 00:00:00,30/06/2022 00:00:00,91.600
438,11514420,01/06/2020 00:00:00,30/06/2022 00:00:00,91.700
438,11514520,01/06/2020 00:00:00,30/06/2022 00:00:00,91.700
438,11514620,01/06/2020 00:00:00,30/06/2022 00:00:00,68.900
438,11514720,01/06/2020 00:00:00,30/06/2022 00:00:00,92.700
438,11514820,01/06/2020 00:00:00,30/06/2022 00:00:00,93.200
438,11514920,01/06/2020 00:00:00,30/06/2022 00:00:00,92.500
438,11515020,01/06/2020 00:00:00,30/06/2022 00:00:00,93.000
438,11515320,01/06/2020 00:00:00,30/06/2022 00:00:00,5.000
439,HC19D040,01/04/2019 00:00:00,30/04/2021 00:00:00,100
442,297504,01/04/2015 00:00:00,30/04/2017 00:00:00,200
445,20F8692C,01/06/2020 00:00:00,30/06/2022 00:00:00,400
445,20H8954C,01/08/2020 00:00:00,30/08/2022 00:00:00,16.900
445,20H8955C,01/08/2020 00:00:00,30/08/2022 00:00:00,50.400
445,20H8972C,01/08/2020 00:00:00,30/08/2022 00:00:00,50.400
445,20I8996C,01/09/2020 00:00:00,30/09/2022 00:00:00,58.400
445,20I8997C,01/09/2020 00:00:00,30/09/2022 00:00:00,41.600
445,20I9063C,01/09/2020 00:00:00,30/09/2022 00:00:00,14.600
445,20I9064C,01/09/2020 00:00:00,30/09/2022 00:00:00,85.400
445,20J9096C,01/10/2020 00:00:00,30/10/2022 00:00:00,46.400
445,20J9097C,01/10/2020 00:00:00,30/10/2022 00:00:00,53.600
445,20J9143C,01/10/2020 00:00:00,30/10/2022 00:00:00,7.800
445,20J9144C,01/10/2020 00:00:00,30/10/2022 00:00:00,88.400
445,20J9145C,01/10/2020 00:00:00,30/10/2022 00:00:00,3.800
451,2014408,01/04/2020 00:00:00,30/04/2022 00:00:00,6.152
451,2021596,01/06/2020 00:00:00,30/06/2022 00:00:00,30.000
484,2505601,01/01/2020 00:00:00,30/01/2022 00:00:00,1.650
484,2505603,01/01/2020 00:00:00,30/01/2022 00:00:00,5.050
484,2505606,01/01/2020 00:00:00,30/01/2022 00:00:00,6.950
484,2505607,01/02/2020 00:00:00,28/02/2022 00:00:00,100
484,2505624,01/03/2020 00:00:00,30/03/2022 00:00:00,50.350
484,2505626,01/04/2020 00:00:00,30/04/2022 00:00:00,6.600
486,78PA0062,01/01/2020 00:00:00,30/01/2022 00:00:00,6.000
486,78PA0063,01/01/2020 00:00:00,30/01/2022 00:00:00,21.750
491,AX580,01/10/2019 00:00:00,30/09/2021 00:00:00,601
491,AY447,01/06/2020 00:00:00,30/05/2022 00:00:00,20.000
502,2595485,01/08/2020 00:00:00,28/02/2022 00:00:00,2.900
502,2595488,01/08/2020 00:00:00,28/02/2022 00:00:00,200
506,2659145,01/09/2020 00:00:00,30/09/2022 00:00:00,960
538,20C44Q,01/03/2020 00:00:00,30/09/2021 00:00:00,17.950
538,20C45Q,01/03/2020 00:00:00,30/09/2021 00:00:00,200
538,20C676,01/03/2020 00:00:00,30/09/2021 00:00:00,13.797
546,19110069,01/11/2019 00:00:00,30/11/2022 00:00:00,15.600
546,20030084,01/03/2020 00:00:00,30/03/2023 00:00:00,360.000
546,20050508,01/05/2020 00:00:00,30/05/2023 00:00:00,105.600
558,20K37G,01/11/2020 00:00:00,30/11/2022 00:00:00,839.000
558,20K55F,01/11/2020 00:00:00,30/11/2022 00:00:00,606.000
558,20K74E,01/11/2020 00:00:00,30/11/2022 00:00:00,636.000
558,20K75E,01/11/2020 00:00:00,30/11/2022 00:00:00,862.000
563,19060359,01/06/2019 00:00:00,30/06/2022 00:00:00,440
563,20010178,01/01/2020 00:00:00,30/01/2022 00:00:00,720
564,1248/20,01/10/2020 00:00:00,30/09/2022 00:00:00,945.000
564,1249/20,01/10/2020 00:00:00,30/09/2022 00:00:00,1.869.500
564,124920,01/10/2020 00:00:00,30/09/2022 00:00:00,101.000
564,1250/20,01/10/2020 00:00:00,30/09/2022 00:00:00,2.796.500
564,1251/20,01/10/2020 00:00:00,30/09/2022 00:00:00,2.564.000
564,1255/20,01/10/2020 00:00:00,30/09/2022 00:00:00,2.703.000
564,1256/20,01/10/2020 00:00:00,30/09/2022 00:00:00,2.774.000
564,1257/20,01/10/2020 00:00:00,30/09/2022 00:00:00,2.773.500
564,1258/20,01/10/2020 00:00:00,30/09/2022 00:00:00,2.808.500
565,20030168,01/03/2020 00:00:00,30/03/2022 00:00:00,18.400
565,20040723,01/04/2020 00:00:00,30/04/2022 00:00:00,304.000
571,20050278,01/05/2020 00:00:00,30/05/2022 00:00:00,130.800
572,20080478,01/08/2020 00:00:00,30/08/2022 00:00:00,72.800
573,19030316,01/03/2019 00:00:00,30/03/2022 00:00:00,44
582,4738,01/08/2020 00:00:00,30/08/2022 00:00:00,350
582,4739,01/10/2020 00:00:00,30/10/2022 00:00:00,12.600
582,4740,01/10/2020 00:00:00,30/10/2022 00:00:00,9.800
582,4741,01/10/2020 00:00:00,30/10/2022 00:00:00,1.700
582,4742,01/10/2020 00:00:00,30/10/2022 00:00:00,4.194
585,19080323,01/08/2019 00:00:00,30/08/2022 00:00:00,18.200
593,20060010,01/06/2020 00:00:00,30/06/2022 00:00:00,68.600
594,10070,01/01/2020 00:00:00,30/01/2022 00:00:00,40
594,40123,01/04/2020 00:00:00,30/04/2022 00:00:00,2.800
594,40124,01/04/2020 00:00:00,30/04/2022 00:00:00,103.060
595,19030094,01/03/2019 00:00:00,30/03/2022 00:00:00,1.000
595,20040076,01/04/2020 00:00:00,30/04/2023 00:00:00,311.600
595,20050499,01/05/2020 00:00:00,30/05/2023 00:00:00,244.800
595,20060474,01/06/2020 00:00:00,30/06/2023 00:00:00,139.200
597,19050070,01/05/2019 00:00:00,30/05/2021 00:00:00,20.600
598,18110188,01/11/2018 00:00:00,30/11/2021 00:00:00,546.800
598,18120152,01/12/2018 00:00:00,30/12/2021 00:00:00,6.000
598,19010023,01/01/2019 00:00:00,30/01/2022 00:00:00,24.000
619,20H106,01/07/2020 00:00:00,30/07/2022 00:00:00,213.400
619,20H426,01/07/2020 00:00:00,30/07/2022 00:00:00,5.000
619,20H576,01/08/2020 00:00:00,30/08/2022 00:00:00,302.400
621,21064,01/12/2019 00:00:00,30/12/2021 00:00:00,2.094
621,21066,01/09/2020 00:00:00,30/09/2022 00:00:00,6.400
621,21067,01/09/2020 00:00:00,30/09/2022 00:00:00,1.613
623,20070346,01/07/2020 00:00:00,30/07/2022 00:00:00,220
631,19030625,01/03/2019 00:00:00,30/03/2021 00:00:00,12.800
638,19050151,01/05/2019 00:00:00,30/05/2022 00:00:00,800
651,AY342,01/03/2020 00:00:00,28/02/2022 00:00:00,600
657,AW983,01/04/2019 00:00:00,30/03/2021 00:00:00,4.000
690,20J776,01/10/2020 00:00:00,30/10/2022 00:00:00,9.000
692,19002421,01/06/2019 00:00:00,30/06/2021 00:00:00,25.000
725,20J57D,01/10/2020 00:00:00,30/10/2022 00:00:00,89.760
741,25722970,01/06/2020 00:00:00,30/06/2022 00:00:00,2.783.200
741,25722975,01/06/2020 00:00:00,30/06/2022 00:00:00,1.276.800
741,25722977,01/06/2020 00:00:00,30/06/2022 00:00:00,2.214.800
741,25722979,01/06/2020 00:00:00,30/06/2022 00:00:00,83.720
741,25722980,01/06/2020 00:00:00,30/06/2022 00:00:00,25.200
741,25722993,01/08/2020 00:00:00,30/08/2022 00:00:00,5.600
741,25722994,01/08/2020 00:00:00,30/08/2022 00:00:00,98.000
741,25722995,01/08/2020 00:00:00,30/08/2022 00:00:00,22.400
741,25722997,01/08/2020 00:00:00,30/08/2022 00:00:00,5.600
741,25723004,01/08/2020 00:00:00,30/08/2022 00:00:00,2.800
742,14581186,01/09/2020 00:00:00,30/09/2022 00:00:00,4.800
743,31223168,01/11/2020 00:00:00,30/11/2022 00:00:00,3.000
773,B20B2499,01/04/2020 00:00:00,30/04/2023 00:00:00,579.900
774,1051799,01/05/2020 00:00:00,30/05/2022 00:00:00,20.400
774,1053309,01/06/2020 00:00:00,30/06/2022 00:00:00,29.625
774,1053311,01/07/2020 00:00:00,30/07/2022 00:00:00,420.700
774,1055121,01/09/2020 00:00:00,30/09/2022 00:00:00,29.300
774,1055125,01/08/2020 00:00:00,30/08/2022 00:00:00,50.000
813,2013839,01/03/2020 00:00:00,30/03/2022 00:00:00,21.900
813,2037198,01/10/2020 00:00:00,30/10/2022 00:00:00,103.000
844,20040097,01/04/2020 00:00:00,30/04/2022 00:00:00,9.400
858,AX643,01/03/2020 00:00:00,28/02/2022 00:00:00,429.500
858,AX646,01/03/2020 00:00:00,28/02/2022 00:00:00,432.000
858,AX647,01/03/2020 00:00:00,28/02/2022 00:00:00,432.500
858,AX649,01/03/2020 00:00:00,28/02/2022 00:00:00,408.000
858,AX652,01/03/2020 00:00:00,28/02/2022 00:00:00,596.500
858,AX655,01/03/2020 00:00:00,28/02/2022 00:00:00,600.000
858,AX656,01/03/2020 00:00:00,28/02/2022 00:00:00,600.000
858,AX658,01/03/2020 00:00:00,28/02/2022 00:00:00,558.000
858,AX659,01/03/2020 00:00:00,28/02/2022 00:00:00,429.500
858,AX660,01/03/2020 00:00:00,28/02/2022 00:00:00,434.500
858,AX661,01/03/2020 00:00:00,28/02/2022 00:00:00,507.000
858,AX666,01/03/2020 00:00:00,28/02/2022 00:00:00,1.031.500
858,AX667,01/03/2020 00:00:00,28/02/2022 00:00:00,600.000
858,AX669,01/03/2020 00:00:00,28/02/2022 00:00:00,428.500
858,AY023,01/04/2020 00:00:00,30/03/2022 00:00:00,215.000
903,M003525,01/03/2020 00:00:00,28/02/2022 00:00:00,5.900
943,28911443,01/02/2019 00:00:00,28/02/2021 00:00:00,55.248
943,28911449,01/06/2019 00:00:00,30/06/2021 00:00:00,5.200
943,28911452,01/08/2019 00:00:00,30/08/2021 00:00:00,22.608
943,28911454,01/08/2019 00:00:00,30/08/2021 00:00:00,10.992
965,2011950,01/09/2020 00:00:00,30/09/2022 00:00:00,2.051.500
965,2013000,01/09/2020 00:00:00,30/09/2022 00:00:00,1.448.500
965,2013006,01/09/2020 00:00:00,30/09/2022 00:00:00,772.000
965,2013016,01/09/2020 00:00:00,30/09/2022 00:00:00,7.000
965,2013017,01/09/2020 00:00:00,30/09/2022 00:00:00,678.000
965,2013323,01/09/2020 00:00:00,30/09/2022 00:00:00,618.000
965,2013327,01/09/2020 00:00:00,30/09/2022 00:00:00,1.944.500
965,2013362,01/09/2020 00:00:00,30/09/2022 00:00:00,1.555.500
965,2013366,01/09/2020 00:00:00,30/09/2022 00:00:00,2.708.500
965,2013367,01/09/2020 00:00:00,30/09/2022 00:00:00,768.000
965,2013933,01/10/2020 00:00:00,30/10/2022 00:00:00,1.500
965,2013935,01/10/2020 00:00:00,30/10/2022 00:00:00,500
965,2013939,01/10/2020 00:00:00,30/10/2022 00:00:00,1.248.000
983,22649S,01/09/2019 00:00:00,30/09/2021 00:00:00,165.500
1.033,2006858,01/05/2020 00:00:00,30/05/2022 00:00:00,18.000
1.033,2006860,01/06/2020 00:00:00,30/06/2022 00:00:00,7.000
1.033,2011922,01/09/2020 00:00:00,30/09/2022 00:00:00,30.000
1.040,204576,01/02/2020 00:00:00,28/02/2023 00:00:00,205.500
1.041,2245166,01/10/2020 00:00:00,30/10/2022 00:00:00,190.400
1.041,2245168,01/11/2020 00:00:00,30/11/2022 00:00:00,115.000
1.041,2245169,01/11/2020 00:00:00,30/11/2022 00:00:00,85.000
1.107,19L39B,01/12/2019 00:00:00,30/12/2021 00:00:00,1.300
1.131,20H27B,01/08/2020 00:00:00,28/02/2022 00:00:00,3.302
1.166,0303/19,01/04/2019 00:00:00,30/03/2021 00:00:00,1.400
1.198,2010472,01/08/2020 00:00:00,30/08/2022 00:00:00,186.000
1.198,2015059,01/10/2020 00:00:00,30/10/2022 00:00:00,223.500
1.256,4LB34,01/07/2019 00:00:00,30/07/2021 00:00:00,4.200
1.274,AX961,01/08/2020 00:00:00,30/07/2022 00:00:00,29.500
1.296,19050021,01/05/2019 00:00:00,30/05/2022 00:00:00,1.700
1.300,17457,01/03/2020 00:00:00,30/03/2022 00:00:00,200
1.300,17459,01/04/2020 00:00:00,30/04/2022 00:00:00,3.490
1.310,10514,01/11/2019 00:00:00,30/11/2021 00:00:00,1
1.310,10515,01/11/2019 00:00:00,30/11/2021 00:00:00,2
1.310,10541,01/11/2020 00:00:00,30/11/2022 00:00:00,15.000
1.313,KJ00044,01/01/2020 00:00:00,30/12/2021 00:00:00,1
1.313,KJ00049,01/01/2020 00:00:00,30/12/2021 00:00:00,60
1.313,KJ00076,01/01/2020 00:00:00,30/12/2021 00:00:00,356
1.313,KJ00078,01/02/2020 00:00:00,30/01/2022 00:00:00,5.193
1.313,KJ00079,01/02/2020 00:00:00,30/01/2022 00:00:00,3.419
1.313,KJ00155,01/03/2020 00:00:00,28/02/2022 00:00:00,16.144
1.313,KJ00156,01/03/2020 00:00:00,28/02/2022 00:00:00,7.695
1.313,KJ00160,01/03/2020 00:00:00,28/02/2022 00:00:00,22.610
1.313,KJ00161,01/03/2020 00:00:00,28/02/2022 00:00:00,2.158
1.313,KJ90216,01/06/2019 00:00:00,30/05/2021 00:00:00,5
1.313,KJ90231,01/06/2019 00:00:00,30/05/2021 00:00:00,20
1.318,B19M0209,01/12/2019 00:00:00,30/12/2022 00:00:00,148.800
1.318,B19M0210,01/12/2019 00:00:00,30/12/2022 00:00:00,127.060
1.344,20B06Q,01/02/2020 00:00:00,28/02/2022 00:00:00,3.312
1.344,20B09Q,01/02/2020 00:00:00,28/02/2022 00:00:00,4.900
1.344,20C05B,01/03/2020 00:00:00,30/03/2022 00:00:00,2.550
1.344,20C06B,01/03/2020 00:00:00,30/03/2022 00:00:00,2.450
1.344,20C705,01/03/2020 00:00:00,30/03/2022 00:00:00,6.500
1.344,20C706,01/03/2020 00:00:00,30/03/2022 00:00:00,7.000
1.344,20C707,01/03/2020 00:00:00,30/03/2022 00:00:00,1.550
1.345,12190539,01/10/2019 00:00:00,30/09/2021 00:00:00,1
1.345,12190683,01/12/2019 00:00:00,30/11/2021 00:00:00,16.374
1.345,12190687,01/12/2019 00:00:00,30/11/2021 00:00:00,12.930
1.345,12190688,01/12/2019 00:00:00,30/11/2021 00:00:00,20.000
1.345,12190693,01/12/2019 00:00:00,30/11/2021 00:00:00,3.200
1.345,12200014,01/01/2020 00:00:00,30/12/2021 00:00:00,23.804
1.345,12200015,01/01/2020 00:00:00,30/12/2021 00:00:00,14.680
1.345,12200158,01/04/2020 00:00:00,30/03/2022 00:00:00,13.137
1.345,12200180,01/04/2020 00:00:00,30/03/2022 00:00:00,16.863
1.345,12200213,01/05/2020 00:00:00,30/04/2022 00:00:00,21.570
1.345,12200214,01/05/2020 00:00:00,30/04/2022 00:00:00,17.060
1.366,190759,01/07/2019 00:00:00,30/07/2021 00:00:00,12.000
1.368,19B19K,01/02/2019 00:00:00,28/02/2021 00:00:00,782
1.368,19B20K,01/02/2019 00:00:00,28/02/2021 00:00:00,6.000
1.368,19B66D,01/02/2019 00:00:00,28/02/2021 00:00:00,6.500
1.368,20G31N,01/07/2020 00:00:00,30/07/2022 00:00:00,101
1.368,20G38A,01/07/2020 00:00:00,30/07/2022 00:00:00,200
1.368,20G75A,01/07/2020 00:00:00,30/07/2022 00:00:00,1.728
1.369,20D71K,01/04/2020 00:00:00,30/04/2022 00:00:00,12.809
1.369,20D74K,01/04/2020 00:00:00,30/04/2022 00:00:00,19.950
1.411,AY521,01/06/2020 00:00:00,30/05/2022 00:00:00,157.000
1.411,AY522,01/06/2020 00:00:00,30/05/2022 00:00:00,385.500
1.473,1905918,01/01/2019 00:00:00,30/01/2021 00:00:00,11.200
1.516,B19M1147,01/01/2020 00:00:00,30/01/2023 00:00:00,111.660
1.557,19L59B,01/12/2019 00:00:00,30/12/2021 00:00:00,4
1.557,20C12K,01/03/2020 00:00:00,30/03/2022 00:00:00,6.000
1.557,20C826,01/03/2020 00:00:00,30/03/2022 00:00:00,6.000
1.557,20C86I,01/03/2020 00:00:00,30/03/2022 00:00:00,4.473
1.557,20F04B,01/06/2020 00:00:00,30/06/2022 00:00:00,9.300
1.557,20F113,01/05/2020 00:00:00,30/05/2022 00:00:00,2.650
1.557,20F114,01/05/2020 00:00:00,30/05/2022 00:00:00,9.200
1.557,20F136,01/05/2020 00:00:00,30/05/2022 00:00:00,9.650
1.557,20F150,01/05/2020 00:00:00,30/05/2022 00:00:00,9.300
1.557,20F16D,01/06/2020 00:00:00,30/06/2022 00:00:00,9.700
1.557,20F17N,01/06/2020 00:00:00,30/06/2022 00:00:00,850
1.557,20F262,01/05/2020 00:00:00,30/05/2022 00:00:00,9.550
1.557,20F265,01/05/2020 00:00:00,30/05/2022 00:00:00,9.450
1.557,20F31M,01/06/2020 00:00:00,30/06/2022 00:00:00,9.550
1.557,20F32K,01/06/2020 00:00:00,30/06/2022 00:00:00,9.500
1.557,20F332,01/05/2020 00:00:00,30/05/2022 00:00:00,9.350
1.557,20F333,01/05/2020 00:00:00,30/05/2022 00:00:00,1.350
1.557,20F35K,01/06/2020 00:00:00,30/06/2022 00:00:00,9.750
1.557,20F50H,01/06/2020 00:00:00,30/06/2022 00:00:00,9.550
1.557,20F53H,01/06/2020 00:00:00,30/06/2022 00:00:00,9.600
1.557,20F68M,01/06/2020 00:00:00,30/06/2022 00:00:00,2.400
1.557,20F71M,01/06/2020 00:00:00,30/06/2022 00:00:00,9.500
1.557,20F759,01/06/2020 00:00:00,30/06/2022 00:00:00,7.250
1.557,20F796,01/05/2020 00:00:00,30/05/2022 00:00:00,9.500
1.557,20F797,01/06/2020 00:00:00,30/06/2022 00:00:00,9.650
1.557,20F798,01/06/2020 00:00:00,30/06/2022 00:00:00,9.350
1.557,20F799,01/06/2020 00:00:00,30/06/2022 00:00:00,9.400
1.557,20F800,01/06/2020 00:00:00,30/06/2022 00:00:00,9.450
1.557,20F83M,01/06/2020 00:00:00,30/06/2022 00:00:00,9.300
1.557,20F946,01/06/2020 00:00:00,30/06/2022 00:00:00,5.900
1.557,20H26K,01/08/2020 00:00:00,30/08/2022 00:00:00,68
1.649,TP3U,01/10/2019 00:00:00,30/03/2021 00:00:00,113
1.687,19J29B,01/10/2019 00:00:00,30/10/2021 00:00:00,1.483
1.815,"2,00E+108",01/05/2020 00:00:00,30/05/2022 00:00:00,8.013
1.815,20E10L,01/05/2020 00:00:00,30/05/2022 00:00:00,22.000
1.815,20E26H,01/05/2020 00:00:00,30/05/2022 00:00:00,22.500
1.815,20E27H,01/05/2020 00:00:00,30/05/2022 00:00:00,7.000
2.015,19020412,01/02/2019 00:00:00,28/02/2021 00:00:00,2.150
2.163,1055879,01/09/2020 00:00:00,30/09/2022 00:00:00,241.920
2.211,0843/20,01/07/2020 00:00:00,30/06/2022 00:00:00,7.000
2.211,84320,01/07/2020 00:00:00,30/06/2022 00:00:00,435
2.211,0844/20,01/07/2020 00:00:00,30/06/2022 00:00:00,5.716
2.374,20H10C,01/08/2020 00:00:00,30/08/2022 00:00:00,604.800
2.374,20I122,01/09/2020 00:00:00,30/09/2022 00:00:00,415.200
2.374,20J93B,01/10/2020 00:00:00,30/10/2022 00:00:00,518.400
2.425,129131,01/12/2019 00:00:00,30/12/2021 00:00:00,1.020
2.464,19876,01/06/2020 00:00:00,30/06/2022 00:00:00,2.800
2.464,19893,01/09/2020 00:00:00,30/09/2022 00:00:00,750
2.464,19894,01/09/2020 00:00:00,30/09/2022 00:00:00,3.000
2.464,19898,01/10/2020 00:00:00,30/10/2022 00:00:00,200
2.464,19902,01/10/2020 00:00:00,30/10/2022 00:00:00,2.000
2.467,1527240,01/05/2020 00:00:00,30/05/2022 00:00:00,50.000
2.480,BR116201,01/09/2019 00:00:00,30/08/2021 00:00:00,100
2.480,BR123410,01/04/2020 00:00:00,30/03/2022 00:00:00,116.800
2.480,BR123411,01/04/2020 00:00:00,30/03/2022 00:00:00,72.000
2.508,2526186,01/01/2020 00:00:00,30/01/2022 00:00:00,3.360
2.544,19K249,01/11/2019 00:00:00,30/11/2021 00:00:00,417
2.551,19K501,01/11/2019 00:00:00,30/11/2021 00:00:00,385
2.559,1385135,01/10/2020 00:00:00,30/10/2022 00:00:00,35.200
2.568,20E864,01/03/2020 00:00:00,30/03/2022 00:00:00,49.600
2.650,20B11A,01/02/2020 00:00:00,28/02/2022 00:00:00,500
2.678,20F600,01/06/2020 00:00:00,30/06/2022 00:00:00,1.250
2.779,,01/01/2000 00:00:00,31/12/9999 00:00:00,0
2.789,27112F,01/02/2020 00:00:00,28/02/2022 00:00:00,144.000
2.789,27115F,01/02/2020 00:00:00,28/02/2022 00:00:00,6.000
2.828,CSA17001,01/07/2019 00:00:00,30/07/2021 00:00:00,5
2.916,OAM08901,01/04/2020 00:00:00,30/04/2022 00:00:00,727
3.005,OAM10902,01/05/2020 00:00:00,30/05/2022 00:00:00,324
3.171,091118-C05,01/11/2018 00:00:00,30/11/2021 00:00:00,64
3.171,270617-C05,01/06/2017 00:00:00,30/06/2022 00:00:00,384
3.197,110220-C05,01/02/2020 00:00:00,28/02/2023 00:00:00,714
3.317,20070809,01/06/2020 00:00:00,30/06/2022 00:00:00,800
3.334,200002,01/01/2020 00:00:00,30/01/2022 00:00:00,20.350
3.334,200003,01/01/2020 00:00:00,30/01/2022 00:00:00,4.807
3.334,200056,01/02/2020 00:00:00,28/02/2022 00:00:00,1.000
3.334,200211,01/04/2020 00:00:00,30/04/2022 00:00:00,50
3.334,200215,01/05/2020 00:00:00,30/05/2022 00:00:00,2.650
3.373,28882610,01/04/2019 00:00:00,30/04/2021 00:00:00,37
3.373,28882646,01/07/2019 00:00:00,30/07/2021 00:00:00,30
3.373,28882688,01/11/2019 00:00:00,30/11/2021 00:00:00,50
3.373,28882688,01/12/2019 00:00:00,30/11/2021 00:00:00,8.425
3.373,28882704,01/12/2019 00:00:00,30/12/2021 00:00:00,1.923
3.373,28882710,01/01/2020 00:00:00,30/01/2022 00:00:00,3.000
3.373,28882711,01/01/2020 00:00:00,30/01/2022 00:00:00,50
3.373,28882712,01/01/2020 00:00:00,30/01/2022 00:00:00,3.100
3.373,28882714,01/01/2020 00:00:00,30/01/2022 00:00:00,2.200
3.373,28882715,01/01/2020 00:00:00,30/01/2022 00:00:00,16.100
3.373,28882717,01/02/2020 00:00:00,28/02/2022 00:00:00,13.600
3.373,28882726,01/02/2020 00:00:00,28/02/2022 00:00:00,2.000
3.373,28882727,01/03/2020 00:00:00,30/03/2022 00:00:00,2.200
3.373,28882728,01/03/2020 00:00:00,30/03/2022 00:00:00,2.900
3.373,28882729,01/03/2020 00:00:00,30/03/2022 00:00:00,3.000
3.373,28882735,01/03/2020 00:00:00,30/03/2022 00:00:00,800
3.373,28882736,01/03/2020 00:00:00,30/03/2022 00:00:00,1.450
3.373,28882738,01/03/2020 00:00:00,30/03/2022 00:00:00,950
3.373,28882739,01/03/2020 00:00:00,30/03/2022 00:00:00,2.950
3.373,28882743,01/03/2020 00:00:00,30/03/2022 00:00:00,550
3.373,28882747,01/04/2020 00:00:00,30/04/2022 00:00:00,150
3.373,28882750,01/04/2020 00:00:00,30/04/2022 00:00:00,1.000
3.373,28882751,01/04/2020 00:00:00,30/04/2022 00:00:00,3.450
3.373,28882752,01/04/2020 00:00:00,30/04/2022 00:00:00,50
3.373,28882753,01/04/2020 00:00:00,30/04/2022 00:00:00,1.000
3.373,28882760,01/05/2020 00:00:00,30/05/2022 00:00:00,50
3.373,28882761,01/05/2020 00:00:00,30/05/2022 00:00:00,100
3.373,28882764,01/05/2020 00:00:00,30/05/2022 00:00:00,1.850
3.373,28882765,01/05/2020 00:00:00,30/05/2022 00:00:00,10.100
3.373,28882768,01/05/2020 00:00:00,30/05/2022 00:00:00,100
3.373,28882774,01/06/2020 00:00:00,30/06/2022 00:00:00,500
3.374,1852196,01/12/2018 00:00:00,30/12/2020 00:00:00,5
3.374,2003869,01/02/2020 00:00:00,28/02/2022 00:00:00,890
3.388,28218A,01/06/2019 00:00:00,30/06/2021 00:00:00,1
3.388,28256A,01/09/2019 00:00:00,30/09/2021 00:00:00,12.600
3.388,28259A,01/09/2019 00:00:00,30/09/2021 00:00:00,4.239
3.388,28272A,01/09/2019 00:00:00,30/09/2021 00:00:00,25.200
3.388,28286A,01/11/2019 00:00:00,30/11/2021 00:00:00,25.200
3.388,28287A,01/11/2019 00:00:00,30/11/2021 00:00:00,24.100
3.388,28288A,01/11/2019 00:00:00,30/11/2021 00:00:00,3.900
3.388,28290A,01/11/2019 00:00:00,30/11/2021 00:00:00,19.300
3.388,28291A,01/11/2019 00:00:00,30/11/2021 00:00:00,7.200
3.388,28294A,01/11/2019 00:00:00,30/11/2021 00:00:00,12.600
3.388,28304A,01/12/2019 00:00:00,30/12/2021 00:00:00,1.700
3.388,28307A,01/12/2019 00:00:00,30/12/2021 00:00:00,37.800
3.388,28311A,01/12/2019 00:00:00,30/12/2021 00:00:00,500
3.388,28313A,01/12/2019 00:00:00,30/12/2021 00:00:00,12.600
3.388,28314A,01/12/2019 00:00:00,30/12/2021 00:00:00,12.600
3.388,28315A,01/12/2019 00:00:00,30/12/2021 00:00:00,3.800
3.388,28318A,01/12/2019 00:00:00,30/12/2021 00:00:00,700
3.388,28356A,01/03/2020 00:00:00,30/03/2022 00:00:00,21.200
3.388,28358A,01/03/2020 00:00:00,30/03/2022 00:00:00,8.600
3.388,28361A,01/03/2020 00:00:00,30/03/2022 00:00:00,12.600
3.388,28363A,01/03/2020 00:00:00,30/03/2022 00:00:00,4.700
3.388,28369A,01/03/2020 00:00:00,30/03/2022 00:00:00,47.400
3.388,28370A,01/03/2020 00:00:00,30/03/2022 00:00:00,25.200
3.388,28371A,01/03/2020 00:00:00,30/03/2022 00:00:00,12.600
3.388,28373A,01/03/2020 00:00:00,30/03/2022 00:00:00,24.950
3.388,28374A,01/03/2020 00:00:00,30/03/2022 00:00:00,6.400
3.388,28375A,01/03/2020 00:00:00,30/03/2022 00:00:00,7.400
3.388,28376A,01/03/2020 00:00:00,30/03/2022 00:00:00,12.600
3.388,28386A,01/05/2020 00:00:00,30/05/2022 00:00:00,1.600
3.388,28388A,01/05/2020 00:00:00,30/05/2022 00:00:00,2.400
3.388,28390A,01/05/2020 00:00:00,30/05/2022 00:00:00,11.390
3.460,20G490,01/07/2020 00:00:00,30/07/2022 00:00:00,1.957
3.471,20G26K,01/07/2020 00:00:00,30/07/2022 00:00:00,1.725.000
3.471,20G27K,01/07/2020 00:00:00,30/07/2022 00:00:00,1.728.000
3.471,20G42Q,01/07/2020 00:00:00,30/07/2022 00:00:00,1.728.000
3.471,20G44R,01/07/2020 00:00:00,30/07/2022 00:00:00,562.800
3.471,20G54S,01/07/2020 00:00:00,30/07/2022 00:00:00,31.800
3.471,20I19B,01/09/2020 00:00:00,30/09/2022 00:00:00,698.400
3.471,20J02D,01/10/2020 00:00:00,30/10/2022 00:00:00,784.800
3.471,20J03D,01/10/2020 00:00:00,30/10/2022 00:00:00,864.000
3.472,19K12B,01/11/2019 00:00:00,30/11/2021 00:00:00,480
3.472,20C82F,01/03/2020 00:00:00,30/03/2022 00:00:00,162.000
3.508,DX20F049,01/06/2020 00:00:00,30/06/2022 00:00:00,1.000
3.508,DX20I132,01/09/2020 00:00:00,30/09/2022 00:00:00,13.200
3.509,DE20D007,01/05/2020 00:00:00,30/04/2022 00:00:00,1.050
3.527,0317/20,01/03/2020 00:00:00,28/02/2022 00:00:00,24.000
3.579,M917578,01/11/2019 00:00:00,30/10/2021 00:00:00,256.710
3.579,M917579,01/12/2019 00:00:00,30/11/2021 00:00:00,472.530
3.592,20F10I,01/06/2020 00:00:00,30/06/2022 00:00:00,10.400
3.592,20I10F,01/09/2020 00:00:00,30/09/2022 00:00:00,363.600
3.604,AB73568,01/07/2020 00:00:00,30/06/2023 00:00:00,120
3.604,AB73569,01/07/2020 00:00:00,30/06/2023 00:00:00,510
3.628,5R4V,01/04/2020 00:00:00,30/04/2022 00:00:00,58.541
3.628,6C2M,01/04/2020 00:00:00,30/04/2022 00:00:00,56.058
3.628,8B4U,01/04/2020 00:00:00,30/04/2022 00:00:00,53.900
3.628,8M2W,01/04/2020 00:00:00,30/04/2022 00:00:00,38.500
3.658,20G320,01/07/2020 00:00:00,30/07/2022 00:00:00,271
3.659,BR120715,01/02/2020 00:00:00,30/01/2022 00:00:00,100
3.659,BR122721,01/02/2020 00:00:00,30/01/2022 00:00:00,203.500
3.659,BR126813,01/05/2020 00:00:00,30/04/2022 00:00:00,12.000
3.661,BR124438,01/05/2020 00:00:00,30/04/2022 00:00:00,6.000
3.721,20110734,01/11/2020 00:00:00,30/11/2022 00:00:00,520
3.721,20110854,01/11/2020 00:00:00,30/11/2022 00:00:00,4.280
3.721,20110974,01/11/2020 00:00:00,30/11/2022 00:00:00,4.920
3.765,DC20B014,01/02/2020 00:00:00,28/02/2022 00:00:00,18.900
3.875,20080366,01/08/2020 00:00:00,30/08/2022 00:00:00,900
4.023,20090828,01/09/2020 00:00:00,30/09/2022 00:00:00,7.325
4.023,20100926,01/10/2020 00:00:00,30/10/2022 00:00:00,5.000
4.178,647858A,01/11/2019 00:00:00,30/11/2021 00:00:00,2.100
4.235,19100383,01/10/2019 00:00:00,30/10/2021 00:00:00,220
4.235,20010122,01/01/2020 00:00:00,30/01/2022 00:00:00,360
4.246,XED,01/10/2020 00:00:00,30/09/2022 00:00:00,29.200
4.270,2003269,01/01/2020 00:00:00,30/01/2022 00:00:00,34.000
4.327,20I14A,01/09/2020 00:00:00,30/09/2022 00:00:00,900.000
4.327,20I27D,01/09/2020 00:00:00,30/09/2022 00:00:00,378.000
4.327,20I33A,01/09/2020 00:00:00,30/09/2022 00:00:00,858.000
4.327,20I46A,01/09/2020 00:00:00,30/09/2022 00:00:00,576.000
4.327,20I49A,01/09/2020 00:00:00,30/09/2022 00:00:00,380.500
4.327,20I50A,01/09/2020 00:00:00,30/09/2022 00:00:00,630.000
4.327,20I826,01/09/2020 00:00:00,30/09/2022 00:00:00,857.500
4.327,20J44E,01/10/2020 00:00:00,30/10/2022 00:00:00,132.000
4.327,20J756,01/09/2020 00:00:00,30/09/2022 00:00:00,330.000
4.362,AA-048/20,01/09/2020 00:00:00,30/08/2022 00:00:00,20.000
4.372,DS19I464,01/09/2019 00:00:00,30/09/2021 00:00:00,8
4.418,19G755,01/07/2019 00:00:00,30/07/2021 00:00:00,500
4.418,20E02E,01/05/2020 00:00:00,30/05/2022 00:00:00,212.000
4.418,20E04E,01/05/2020 00:00:00,30/05/2022 00:00:00,432.000
4.418,20E17B,01/05/2020 00:00:00,30/05/2022 00:00:00,216.000
4.418,20E18B,01/05/2020 00:00:00,30/05/2022 00:00:00,432.000
4.418,20E19U,01/05/2020 00:00:00,30/05/2022 00:00:00,474.000
4.418,20E20U,01/05/2020 00:00:00,30/05/2022 00:00:00,432.000
4.418,20E21U,01/05/2020 00:00:00,30/05/2022 00:00:00,432.000
4.418,20E22U,01/05/2020 00:00:00,30/05/2022 00:00:00,216.000
4.418,20E23U,01/05/2020 00:00:00,30/05/2022 00:00:00,432.000
4.418,20E24U,01/05/2020 00:00:00,30/05/2022 00:00:00,432.000
4.418,20E27U,01/05/2020 00:00:00,30/05/2022 00:00:00,216.000
4.418,20E29U,01/05/2020 00:00:00,30/05/2022 00:00:00,216.000
4.418,20E30U,01/05/2020 00:00:00,30/05/2022 00:00:00,432.000
4.418,20E31U,01/05/2020 00:00:00,30/05/2022 00:00:00,216.000
4.418,20E641,01/04/2020 00:00:00,30/04/2022 00:00:00,360.000
4.418,20E642,01/04/2020 00:00:00,30/04/2022 00:00:00,372.000
4.418,20E66M,01/05/2020 00:00:00,30/05/2022 00:00:00,216.000
4.418,20E67M,01/05/2020 00:00:00,30/05/2022 00:00:00,216.000
4.418,20E68M,01/05/2020 00:00:00,30/05/2022 00:00:00,216.000
4.418,20E69M,01/05/2020 00:00:00,30/05/2022 00:00:00,432.000
4.418,20E70K,01/05/2020 00:00:00,30/05/2022 00:00:00,570.000
4.418,20E70M,01/05/2020 00:00:00,30/05/2022 00:00:00,432.000
4.418,20E71K,01/05/2020 00:00:00,30/05/2022 00:00:00,216.000
4.418,20E75M,01/05/2020 00:00:00,30/05/2022 00:00:00,216.000
4.418,20E76K,01/05/2020 00:00:00,30/05/2022 00:00:00,432.000
4.418,20E77K,01/05/2020 00:00:00,30/05/2022 00:00:00,161.500
4.418,20E87H,01/05/2020 00:00:00,30/05/2022 00:00:00,216.000
4.418,20E88C,01/05/2020 00:00:00,30/05/2022 00:00:00,216.000
4.418,20E89C,01/05/2020 00:00:00,30/05/2022 00:00:00,432.000
4.418,20E947,01/04/2020 00:00:00,30/04/2022 00:00:00,193.500
4.418,20E948,01/05/2020 00:00:00,30/05/2022 00:00:00,539.000
4.418,20E950,01/05/2020 00:00:00,30/05/2022 00:00:00,216.000
4.418,20F451,01/06/2020 00:00:00,30/06/2022 00:00:00,522.000
4.418,20F83C,01/06/2020 00:00:00,30/06/2022 00:00:00,582.000
4.418,20F84C,01/06/2020 00:00:00,30/06/2022 00:00:00,588.000
4.418,20F85C,01/06/2020 00:00:00,30/06/2022 00:00:00,222.000
4.418,20F939,01/06/2020 00:00:00,30/06/2022 00:00:00,582.000
4.418,20F940,01/06/2020 00:00:00,30/06/2022 00:00:00,397.000
4.418,20F941,01/06/2020 00:00:00,30/06/2022 00:00:00,582.000
4.418,20F97F,01/06/2020 00:00:00,30/06/2022 00:00:00,36.000
4.418,20F98F,01/06/2020 00:00:00,30/06/2022 00:00:00,12.000
4.541,20J651,01/10/2020 00:00:00,30/10/2022 00:00:00,1.071
4.580,20H71C,01/07/2020 00:00:00,30/07/2022 00:00:00,600
4.580,20I90P,01/09/2020 00:00:00,30/09/2022 00:00:00,65.400
4.580,20I95P,01/09/2020 00:00:00,30/09/2022 00:00:00,192.600
4.616,82118121,01/12/2018 00:00:00,30/12/2023 00:00:00,19.800
4.631,1910053,01/09/2019 00:00:00,30/09/2021 00:00:00,140.000
4.642,15406,01/12/2019 00:00:00,30/12/2021 00:00:00,20
4.642,15427,01/10/2020 00:00:00,30/10/2022 00:00:00,600
4.646,AF20B008,01/02/2020 00:00:00,28/02/2022 00:00:00,7.700
4.685,19J24N,01/10/2019 00:00:00,30/10/2021 00:00:00,2.774
4.685,20D342,01/03/2020 00:00:00,30/03/2022 00:00:00,19.877
4.701,20A06L,01/01/2020 00:00:00,30/01/2022 00:00:00,6.000
4.701,20A10L,01/01/2020 00:00:00,30/01/2022 00:00:00,6.000
4.701,20A172,01/01/2020 00:00:00,30/01/2022 00:00:00,11.400
4.701,20A173,01/01/2020 00:00:00,30/01/2022 00:00:00,12.000
4.701,20A45M,01/01/2020 00:00:00,30/01/2022 00:00:00,6.000
4.701,20A47M,01/01/2020 00:00:00,30/01/2022 00:00:00,12.000
4.701,20A51N,01/01/2020 00:00:00,30/01/2022 00:00:00,6.000
4.701,20A551,01/01/2020 00:00:00,30/01/2022 00:00:00,12.000
4.701,20A553,01/01/2020 00:00:00,30/01/2022 00:00:00,6.000
4.701,20A56G,01/01/2020 00:00:00,30/01/2022 00:00:00,5.150
4.701,20A576,01/01/2020 00:00:00,30/01/2022 00:00:00,18.000
4.701,20A581,01/01/2020 00:00:00,30/01/2022 00:00:00,6.000
4.701,20A582,01/01/2020 00:00:00,30/01/2022 00:00:00,18.000
4.701,20A584,01/01/2020 00:00:00,30/01/2022 00:00:00,20.836
4.701,20A585,01/01/2020 00:00:00,30/01/2022 00:00:00,16.400
4.701,20A587,01/01/2020 00:00:00,30/01/2022 00:00:00,6.000
4.701,20A58J,01/01/2020 00:00:00,30/01/2022 00:00:00,12.000
4.701,20A59J,01/01/2020 00:00:00,30/01/2022 00:00:00,22.100
4.701,20A60J,01/01/2020 00:00:00,30/01/2022 00:00:00,16.250
4.701,20A61J,01/01/2020 00:00:00,30/01/2022 00:00:00,22.150
4.701,20A62J,01/01/2020 00:00:00,30/01/2022 00:00:00,22.550
4.701,20A63J,01/01/2020 00:00:00,30/01/2022 00:00:00,22.250
4.701,20A64J,01/01/2020 00:00:00,30/01/2022 00:00:00,11.650
4.701,20A660,01/01/2020 00:00:00,30/01/2022 00:00:00,6.000
4.701,20A661,01/01/2020 00:00:00,30/01/2022 00:00:00,12.000
4.701,20B41C,01/02/2020 00:00:00,28/02/2022 00:00:00,21.550
4.701,20B43C,01/02/2020 00:00:00,28/02/2022 00:00:00,21.550
4.701,20B44C,01/02/2020 00:00:00,28/02/2022 00:00:00,21.800
4.701,20B45C,01/02/2020 00:00:00,28/02/2022 00:00:00,22.150
4.701,20B63D,01/02/2020 00:00:00,28/02/2022 00:00:00,7.400
4.701,20B80A,01/02/2020 00:00:00,28/02/2022 00:00:00,21.500
4.701,20B83A,01/02/2020 00:00:00,28/02/2022 00:00:00,22.150
4.701,20B85A,01/02/2020 00:00:00,28/02/2022 00:00:00,21.800
4.701,20B874,01/02/2020 00:00:00,28/02/2022 00:00:00,21.900
4.701,20B875,01/02/2020 00:00:00,28/02/2022 00:00:00,21.450
4.701,20B961,01/02/2020 00:00:00,28/02/2022 00:00:00,21.450
4.701,20B962,01/02/2020 00:00:00,28/02/2022 00:00:00,21.650
4.701,20B963,01/02/2020 00:00:00,28/02/2022 00:00:00,21.400
4.701,20B98B,01/02/2020 00:00:00,28/02/2022 00:00:00,18.120
4.701,20B993,01/02/2020 00:00:00,28/02/2022 00:00:00,21.950
4.701,20B994,01/02/2020 00:00:00,28/02/2022 00:00:00,19.000
4.746,22790,01/03/2020 00:00:00,30/03/2022 00:00:00,8.698
4.746,22817,01/07/2020 00:00:00,30/07/2022 00:00:00,7.900
4.746,22822,01/08/2020 00:00:00,30/08/2022 00:00:00,28.050
4.746,22826,01/10/2020 00:00:00,30/10/2022 00:00:00,14.050
4.842,5U3V,01/04/2020 00:00:00,30/04/2022 00:00:00,75
4.842,AB4N,01/05/2020 00:00:00,30/05/2022 00:00:00,2.500
4.849,AB-108/20,01/10/2020 00:00:00,30/09/2022 00:00:00,6.650
4.849,AB-109/20,01/10/2020 00:00:00,30/09/2022 00:00:00,1.950
4.863,20D76F,01/03/2020 00:00:00,30/03/2022 00:00:00,4.800
4.863,20I684,01/08/2020 00:00:00,30/08/2022 00:00:00,124.200
4.863,20I685,01/08/2020 00:00:00,30/08/2022 00:00:00,403.200
4.917,20D354,01/04/2020 00:00:00,30/04/2022 00:00:00,283.920
4.917,20D68M,01/04/2020 00:00:00,30/04/2022 00:00:00,21.840
4.917,20D744,01/04/2020 00:00:00,30/04/2022 00:00:00,100.800
4.917,20J11A,01/10/2020 00:00:00,30/10/2022 00:00:00,554.400
4.917,20J493,01/10/2020 00:00:00,30/10/2022 00:00:00,50.400
4.934,AY583,01/10/2020 00:00:00,30/09/2022 00:00:00,510.000
4.983,20D188,01/03/2020 00:00:00,30/03/2022 00:00:00,18.000
4.983,20F12M,01/06/2020 00:00:00,30/06/2022 00:00:00,2.500
4.983,20F88F,01/06/2020 00:00:00,30/06/2022 00:00:00,204.000
4.983,20H19E,01/07/2020 00:00:00,30/07/2022 00:00:00,102.000
5.010,20040352,01/03/2020 00:00:00,30/03/2022 00:00:00,1.000
5.010,20040353,01/03/2020 00:00:00,30/03/2022 00:00:00,800
5.010,20040524,01/03/2020 00:00:00,30/03/2022 00:00:00,23.500
5.017,AB41385,01/04/2020 00:00:00,30/03/2023 00:00:00,30
5.017,AB59463,01/06/2020 00:00:00,30/05/2023 00:00:00,1.140
5.061,20090848,01/08/2020 00:00:00,30/08/2022 00:00:00,960
5.063,20101023,01/10/2020 00:00:00,30/10/2022 00:00:00,430
5.065,20D78D,01/04/2020 00:00:00,30/04/2022 00:00:00,5.823
5.065,20D79D,01/04/2020 00:00:00,30/04/2022 00:00:00,2.800
5.065,20E16M,01/05/2020 00:00:00,30/05/2022 00:00:00,27.150
5.065,20E33S,01/05/2020 00:00:00,30/05/2022 00:00:00,27.300
5.065,20E34S,01/05/2020 00:00:00,30/05/2022 00:00:00,25.201
5.065,20E35S,01/05/2020 00:00:00,30/05/2022 00:00:00,27.500
5.065,20E61J,01/05/2020 00:00:00,30/05/2022 00:00:00,22.230
5.065,20E62G,01/05/2020 00:00:00,30/05/2022 00:00:00,27.400
5.065,20E62J,01/05/2020 00:00:00,30/05/2022 00:00:00,18.800
5.065,20E75H,01/05/2020 00:00:00,30/05/2022 00:00:00,14.000
5.065,20E84F,01/05/2020 00:00:00,30/05/2022 00:00:00,14.000
5.065,20E88P,01/05/2020 00:00:00,30/05/2022 00:00:00,16.800
5.075,1049/20,01/09/2020 00:00:00,30/08/2022 00:00:00,42.500
5.112,9075053,01/09/2020 00:00:00,30/09/2022 00:00:00,1.944
5.119,1J6689,01/10/2019 00:00:00,30/09/2021 00:00:00,2.670
5.129,2011837,01/04/2020 00:00:00,30/04/2022 00:00:00,30
5.129,2011838,01/04/2020 00:00:00,30/04/2022 00:00:00,560
5.130,2011737,01/03/2020 00:00:00,30/03/2022 00:00:00,2.960
5.130,2011738,01/03/2020 00:00:00,30/03/2022 00:00:00,1.600
5.130,2011753,01/03/2020 00:00:00,30/03/2022 00:00:00,120
5.130,2011757,01/03/2020 00:00:00,30/03/2022 00:00:00,410
5.174,1038/20,01/09/2020 00:00:00,30/08/2022 00:00:00,13.769
5.174,1236/20,01/10/2020 00:00:00,30/09/2022 00:00:00,4.600
5.174,1237/20,01/10/2020 00:00:00,30/09/2022 00:00:00,23.400
5.174,1238/20,01/10/2020 00:00:00,30/09/2022 00:00:00,2.000
5.223,20E45J,01/05/2020 00:00:00,30/05/2022 00:00:00,2.071
5.290,19110526,01/11/2019 00:00:00,30/11/2021 00:00:00,2.400
5.299,20C54I,01/03/2020 00:00:00,30/03/2022 00:00:00,32.588
5.299,20C62F,01/03/2020 00:00:00,30/03/2022 00:00:00,48.000
5.299,20D213,01/04/2020 00:00:00,30/04/2022 00:00:00,92.400
5.299,20D811,01/04/2020 00:00:00,30/04/2022 00:00:00,46.800
5.399,3225682,01/07/2020 00:00:00,30/07/2022 00:00:00,32.500
5.399,3225683,01/07/2020 00:00:00,30/07/2022 00:00:00,17.500
5.399,3225696,01/08/2020 00:00:00,30/08/2022 00:00:00,144.500
5.399,3225701,01/08/2020 00:00:00,30/08/2022 00:00:00,7.000
5.399,3225703,01/08/2020 00:00:00,30/08/2022 00:00:00,8.000
5.399,3225704,01/08/2020 00:00:00,30/08/2022 00:00:00,313.000
5.399,3225705,01/08/2020 00:00:00,30/08/2022 00:00:00,5.000
5.399,3225707,01/08/2020 00:00:00,30/08/2022 00:00:00,4.000
5.400,69378S,01/07/2018 00:00:00,30/07/2020 00:00:00,1.820
5.400,73068S,01/08/2018 00:00:00,30/08/2020 00:00:00,10
5.400,73088S,01/08/2018 00:00:00,30/08/2020 00:00:00,5.120
5.400,73158S,01/09/2018 00:00:00,30/09/2020 00:00:00,8.314
5.400,73208S,01/09/2018 00:00:00,30/09/2020 00:00:00,246.440
5.400,78658S,01/10/2018 00:00:00,30/10/2020 00:00:00,48.739
5.400,78708S,01/10/2018 00:00:00,30/10/2020 00:00:00,23.360
5.400,78718S,01/10/2018 00:00:00,30/10/2020 00:00:00,1.410
5.400,78828S,01/10/2018 00:00:00,30/10/2020 00:00:00,6.223
5.400,81469S,01/02/2019 00:00:00,28/02/2021 00:00:00,87.810
5.400,81499S,01/03/2019 00:00:00,30/03/2021 00:00:00,201.295
5.400,83669S,01/03/2019 00:00:00,30/03/2021 00:00:00,50.921
5.400,85709S,01/03/2019 00:00:00,30/03/2021 00:00:00,184.097
5.400,85719S,01/03/2019 00:00:00,30/03/2021 00:00:00,227.790
5.400,85729S,01/03/2019 00:00:00,30/03/2021 00:00:00,246.260
5.525,19J019,01/09/2019 00:00:00,30/09/2021 00:00:00,72.240
5.571,19F454,01/05/2019 00:00:00,30/05/2021 00:00:00,800
5.571,20J324,01/09/2020 00:00:00,30/09/2022 00:00:00,9.600
5.626,109238C,01/10/2020 00:00:00,30/10/2022 00:00:00,533.080
5.659,74-001/19,01/01/2019 00:00:00,30/01/2022 00:00:00,204
5.659,74-003/19,01/02/2019 00:00:00,28/02/2022 00:00:00,1.080
5.671,AR-012/20,01/05/2020 00:00:00,30/04/2022 00:00:00,3.900
5.684,DB20E149,01/05/2020 00:00:00,30/05/2022 00:00:00,16.560
5.684,DB20E150,01/05/2020 00:00:00,30/05/2022 00:00:00,18.238
5.684,DB20E151,01/05/2020 00:00:00,30/05/2022 00:00:00,18.900
5.713,20D990,01/04/2020 00:00:00,30/04/2022 00:00:00,84.000
5.713,20I519,01/08/2020 00:00:00,30/08/2022 00:00:00,2.100
5.747,1922667,01/11/2019 00:00:00,30/11/2021 00:00:00,360
5.747,2019896,01/09/2020 00:00:00,30/09/2022 00:00:00,7.920
5.747,2020861,01/10/2020 00:00:00,30/10/2022 00:00:00,91.800
5.920,SSALAA0062,01/06/2018 00:00:00,30/06/2023 00:00:00,22.100
5.942,20F906,01/06/2020 00:00:00,30/06/2022 00:00:00,131.400
5.972,0762/19,01/08/2019 00:00:00,30/07/2021 00:00:00,143
5.975,2016630,01/04/2020 00:00:00,30/04/2022 00:00:00,3.662
5.975,2016631,01/04/2020 00:00:00,30/04/2022 00:00:00,6.248
5.985,2753173,01/05/2020 00:00:00,30/05/2022 00:00:00,40
6.044,20060507,01/10/2020 00:00:00,30/06/2022 00:00:00,50
6.214,866333,01/01/2019 00:00:00,30/01/2021 00:00:00,5.306
6.230,81218101,01/10/2018 00:00:00,30/10/2023 00:00:00,11.500
6.299,20D30H,01/04/2020 00:00:00,30/04/2022 00:00:00,7.300
6.299,20D31H,01/04/2020 00:00:00,30/04/2022 00:00:00,7.300
6.299,20D34I,01/04/2020 00:00:00,30/04/2022 00:00:00,6.800
6.299,20D35I,01/04/2020 00:00:00,30/04/2022 00:00:00,7.100
6.299,20D36I,01/04/2020 00:00:00,30/04/2022 00:00:00,7.200
6.299,20D37I,01/04/2020 00:00:00,30/04/2022 00:00:00,2.954
6.299,20D498,01/04/2020 00:00:00,30/04/2022 00:00:00,5.600
6.360,8022B,01/11/2020 00:00:00,30/11/2022 00:00:00,60.000
6.360,8024B,01/11/2020 00:00:00,30/11/2022 00:00:00,3.400
6.360,8029B,01/11/2020 00:00:00,30/11/2022 00:00:00,40.400
6.360,8030B,01/11/2020 00:00:00,30/11/2022 00:00:00,45.600
6.360,8031B,01/11/2020 00:00:00,30/11/2022 00:00:00,46.400
6.360,8032B,01/11/2020 00:00:00,30/11/2022 00:00:00,43.200
6.360,8033B,01/11/2020 00:00:00,30/11/2022 00:00:00,4.400
6.360,8751A,01/12/2018 00:00:00,30/12/2020 00:00:00,65
6.360,8978A,01/06/2020 00:00:00,30/06/2022 00:00:00,1.199
6.360,8990A,01/08/2020 00:00:00,30/08/2022 00:00:00,4.126
6.360,8991A,01/08/2020 00:00:00,30/08/2022 00:00:00,7.800
6.360,8997A,01/10/2020 00:00:00,30/10/2022 00:00:00,6.400
6.360,8999A,01/10/2020 00:00:00,30/10/2022 00:00:00,6.800
6.361,8009B,01/10/2020 00:00:00,30/10/2022 00:00:00,4.101
6.361,8015B,01/10/2020 00:00:00,30/10/2022 00:00:00,7.200
6.361,8016B,01/10/2020 00:00:00,30/10/2022 00:00:00,57.000
6.361,8981A,01/07/2020 00:00:00,30/07/2022 00:00:00,1
6.362,16448,01/10/2020 00:00:00,30/10/2022 00:00:00,12.000
6.362,16449,01/10/2020 00:00:00,30/10/2022 00:00:00,7.587
6.418,50082,01/05/2020 00:00:00,30/05/2022 00:00:00,64.160
6.505,20B06P,01/02/2020 00:00:00,28/02/2022 00:00:00,3.000
6.505,20B46H,01/02/2020 00:00:00,28/02/2022 00:00:00,6.000
6.505,20B48H,01/02/2020 00:00:00,28/02/2022 00:00:00,6.000
6.505,20B49H,01/02/2020 00:00:00,28/02/2022 00:00:00,5.900
6.505,20B503,01/02/2020 00:00:00,28/02/2022 00:00:00,8.900
6.505,20B504,01/02/2020 00:00:00,28/02/2022 00:00:00,9.000
6.505,20B61H,01/02/2020 00:00:00,28/02/2022 00:00:00,6.000
6.505,20B68G,01/02/2020 00:00:00,28/02/2022 00:00:00,8.950
6.505,20B70G,01/02/2020 00:00:00,28/02/2022 00:00:00,5.764
6.505,20B76G,01/02/2020 00:00:00,28/02/2022 00:00:00,9.000
6.505,20B77G,01/02/2020 00:00:00,28/02/2022 00:00:00,9.000
6.505,20B78G,01/02/2020 00:00:00,28/02/2022 00:00:00,6.000
6.505,20B869,01/02/2020 00:00:00,28/02/2022 00:00:00,9.000
6.505,20B870,01/02/2020 00:00:00,28/02/2022 00:00:00,6.000
6.505,20B871,01/02/2020 00:00:00,28/02/2022 00:00:00,9.000
6.505,20B872,01/02/2020 00:00:00,28/02/2022 00:00:00,5.999
6.505,20B87P,01/02/2020 00:00:00,28/02/2022 00:00:00,8.950
6.505,20C157,01/02/2020 00:00:00,28/02/2022 00:00:00,3.000
6.505,20C158,01/02/2020 00:00:00,28/02/2022 00:00:00,8.900
6.505,20C160,01/02/2020 00:00:00,28/02/2022 00:00:00,9.000
6.505,20C161,01/02/2020 00:00:00,28/02/2022 00:00:00,6.000
6.505,20C163,01/03/2020 00:00:00,30/03/2022 00:00:00,9.000
6.505,20C164,01/03/2020 00:00:00,30/03/2022 00:00:00,9.000
6.505,20C167,01/03/2020 00:00:00,30/03/2022 00:00:00,8.900
6.505,20C168,01/03/2020 00:00:00,30/03/2022 00:00:00,3.000
6.505,20C169,01/03/2020 00:00:00,30/03/2022 00:00:00,8.900
6.505,20C469,01/03/2020 00:00:00,30/03/2022 00:00:00,8.950
6.505,20C470,01/03/2020 00:00:00,30/03/2022 00:00:00,8.850
6.505,20C471,01/03/2020 00:00:00,30/03/2022 00:00:00,6.950
6.505,20C473,01/03/2020 00:00:00,30/03/2022 00:00:00,1.750
6.505,20C474,01/03/2020 00:00:00,30/03/2022 00:00:00,9.150
6.505,20C558,01/03/2020 00:00:00,30/03/2022 00:00:00,9.200
6.505,20C559,01/03/2020 00:00:00,30/03/2022 00:00:00,9.150
6.505,20C798,01/03/2020 00:00:00,30/03/2022 00:00:00,9.000
6.505,20C799,01/03/2020 00:00:00,30/03/2022 00:00:00,6.000
6.505,20C956,01/03/2020 00:00:00,30/03/2022 00:00:00,8.900
6.505,20C957,01/03/2020 00:00:00,30/03/2022 00:00:00,9.000
6.505,20C958,01/03/2020 00:00:00,30/03/2022 00:00:00,4.850
6.540,49312,01/02/2019 00:00:00,28/02/2021 00:00:00,983
6.717,20H13V,01/08/2020 00:00:00,30/08/2022 00:00:00,224.000
6.717,20H14V,01/08/2020 00:00:00,30/08/2022 00:00:00,614.400
6.717,20H16V,01/08/2020 00:00:00,30/08/2022 00:00:00,387.600
6.717,20H17V,01/08/2020 00:00:00,30/08/2022 00:00:00,537.600
6.721,42520,01/08/2020 00:00:00,30/08/2022 00:00:00,1.000
6.721,43420,01/09/2020 00:00:00,30/09/2022 00:00:00,27.900
6.721,43520,01/09/2020 00:00:00,30/09/2022 00:00:00,27.900
6.721,43920,01/09/2020 00:00:00,30/09/2022 00:00:00,28.200
6.721,44920,01/09/2020 00:00:00,30/09/2022 00:00:00,5.400
6.721,45120,01/09/2020 00:00:00,30/09/2022 00:00:00,28.400
6.732,200319,01/06/2020 00:00:00,30/06/2022 00:00:00,22.454
6.732,200322,01/06/2020 00:00:00,30/06/2022 00:00:00,11.200
6.742,20G02G,01/07/2020 00:00:00,30/07/2022 00:00:00,667.000
6.742,20G05G,01/07/2020 00:00:00,30/07/2022 00:00:00,750.000
6.742,20G09G,01/07/2020 00:00:00,30/07/2022 00:00:00,1.308.000
6.742,20G12G,01/07/2020 00:00:00,30/07/2022 00:00:00,630.000
6.742,20G12K,01/07/2020 00:00:00,30/07/2022 00:00:00,144.000
6.750,113075,01/03/2020 00:00:00,30/03/2022 00:00:00,8.458
6.750,113077,01/10/2020 00:00:00,30/10/2022 00:00:00,4.000
6.751,42069,01/04/2019 00:00:00,30/04/2021 00:00:00,125
6.764,1035372,01/06/2019 00:00:00,30/06/2021 00:00:00,9.000
6.764,1055175,01/11/2020 00:00:00,30/11/2022 00:00:00,63.850
6.787,20002920,01/06/2020 00:00:00,30/06/2022 00:00:00,1.200
6.787,20003197,01/06/2020 00:00:00,30/06/2022 00:00:00,7.034
6.860,384MM4,01/01/2018 00:00:00,30/01/2023 00:00:00,1.344
6.860,534MM3,01/11/2018 00:00:00,30/11/2021 00:00:00,11.416
6.860,536MM3,01/11/2018 00:00:00,30/11/2021 00:00:00,11.520
6.860,581MM3,01/02/2019 00:00:00,28/02/2022 00:00:00,16.128
6.885,20A11E,01/01/2020 00:00:00,30/01/2022 00:00:00,2.452
6.885,20B943,01/02/2020 00:00:00,28/02/2022 00:00:00,3.000
6.895,35030H,01/10/2020 00:00:00,30/10/2022 00:00:00,3.500
6.895,35083H,01/10/2020 00:00:00,30/10/2022 00:00:00,8.000
6.895,35084H,01/10/2020 00:00:00,30/10/2022 00:00:00,8.000
6.895,35087H,01/10/2020 00:00:00,30/10/2022 00:00:00,10.450
6.895,35089H,01/10/2020 00:00:00,30/10/2022 00:00:00,8.000
6.895,35090H,01/10/2020 00:00:00,30/10/2022 00:00:00,3.000
6.895,35091H,01/10/2020 00:00:00,30/10/2022 00:00:00,3.500
6.895,35093H,01/10/2020 00:00:00,30/10/2022 00:00:00,11.500
6.895,35095H,01/10/2020 00:00:00,30/10/2022 00:00:00,3.500
6.895,35096H,01/10/2020 00:00:00,30/10/2022 00:00:00,4.000
6.895,35098H,01/10/2020 00:00:00,30/10/2022 00:00:00,3.500
6.895,35099H,01/10/2020 00:00:00,30/10/2022 00:00:00,3.500
6.895,35101H,01/10/2020 00:00:00,30/10/2022 00:00:00,8.000
6.895,35108H,01/10/2020 00:00:00,30/10/2022 00:00:00,2.500
6.895,35110H,01/10/2020 00:00:00,30/10/2022 00:00:00,8.000
6.895,35119H,01/10/2020 00:00:00,30/10/2022 00:00:00,8.000
6.895,35120H,01/10/2020 00:00:00,30/10/2022 00:00:00,8.000
6.895,35127H,01/10/2020 00:00:00,30/10/2022 00:00:00,3.500
6.895,35131H,01/10/2020 00:00:00,30/10/2022 00:00:00,2.500
6.895,35134H,01/10/2020 00:00:00,30/10/2022 00:00:00,7.000
6.895,35156H,01/11/2020 00:00:00,30/11/2022 00:00:00,17.500
6.895,35160H,01/11/2020 00:00:00,30/11/2022 00:00:00,500
6.895,35162H,01/11/2020 00:00:00,30/11/2022 00:00:00,3.500
6.895,35164H,01/11/2020 00:00:00,30/11/2022 00:00:00,2.500
6.895,35165H,01/11/2020 00:00:00,30/11/2022 00:00:00,19.500
6.895,35518G,01/01/2020 00:00:00,30/01/2022 00:00:00,100
7.063,27027F,01/12/2019 00:00:00,30/12/2021 00:00:00,60
7.063,27044F,01/12/2019 00:00:00,30/12/2021 00:00:00,60
7.071,2006863,01/05/2020 00:00:00,30/05/2022 00:00:00,18.500
7.071,2006865,01/05/2020 00:00:00,30/05/2022 00:00:00,237.000
7.071,2006866,01/06/2020 00:00:00,30/06/2022 00:00:00,239.000
7.071,2006869,01/06/2020 00:00:00,30/06/2022 00:00:00,221.500
7.071,2006870,01/06/2020 00:00:00,30/06/2022 00:00:00,79.000
7.071,2006876,01/06/2020 00:00:00,30/06/2022 00:00:00,216.000
7.071,2006877,01/06/2020 00:00:00,30/06/2022 00:00:00,246.000
7.071,2006878,01/06/2020 00:00:00,30/06/2022 00:00:00,5.000
7.083,193534A,01/12/2019 00:00:00,30/12/2021 00:00:00,4.796
7.085,2003505,01/01/2020 00:00:00,30/01/2022 00:00:00,2.516
7.109,20071645,01/07/2020 00:00:00,30/07/2022 00:00:00,8.020
7.126,AY016,01/07/2020 00:00:00,30/06/2022 00:00:00,1.041.000
7.126,AY017,01/07/2020 00:00:00,30/06/2022 00:00:00,600.000
7.136,114146,01/10/2019 00:00:00,30/10/2021 00:00:00,1
7.136,114198,01/11/2020 00:00:00,30/11/2022 00:00:00,6.550
7.153,27279F,01/11/2020 00:00:00,30/11/2022 00:00:00,12.000
7.153,27282F,01/11/2020 00:00:00,30/11/2022 00:00:00,3.000
7.153,27283F,01/11/2020 00:00:00,30/11/2022 00:00:00,48.480
7.153,27293F,01/11/2020 00:00:00,30/11/2022 00:00:00,72.000
7.160,45275,01/10/2020 00:00:00,30/10/2022 00:00:00,176.000
7.172,24423,01/06/2020 00:00:00,30/06/2022 00:00:00,8.000
7.172,24426,01/10/2020 00:00:00,30/10/2022 00:00:00,500
7.172,24432,01/10/2020 00:00:00,30/10/2022 00:00:00,520.000
7.172,24433,01/10/2020 00:00:00,30/10/2022 00:00:00,475.000
7.172,24435,01/10/2020 00:00:00,30/10/2022 00:00:00,65.000
7.173,19121325,01/02/2020 00:00:00,30/12/2021 00:00:00,10.800
7.173,20020053,01/03/2020 00:00:00,28/02/2022 00:00:00,21.600
7.173,20050313,01/06/2020 00:00:00,30/05/2022 00:00:00,40.800
7.173,20050315,01/07/2020 00:00:00,30/05/2022 00:00:00,7.200
7.189,19J110,01/09/2019 00:00:00,30/09/2021 00:00:00,272
7.223,28236A,01/07/2019 00:00:00,30/07/2021 00:00:00,3.972
7.330,B20C1700,01/04/2020 00:00:00,30/04/2022 00:00:00,1.740
7.357,0202/20,01/03/2020 00:00:00,28/02/2022 00:00:00,2.500
7.357,20220,01/03/2020 00:00:00,28/02/2022 00:00:00,37.000
7.413,18120176,01/12/2018 00:00:00,30/12/2021 00:00:00,6.600
7.498,5015185,01/07/2019 00:00:00,30/07/2021 00:00:00,9.035
7.562,0737/20,01/06/2020 00:00:00,30/05/2022 00:00:00,54.000
7.598,B20D1884,01/04/2020 00:00:00,30/04/2023 00:00:00,840
7.612,0447/20,01/04/2020 00:00:00,30/03/2022 00:00:00,14.700
7.612,0612/20,01/05/2020 00:00:00,30/04/2022 00:00:00,7.685
7.633,22827,01/10/2020 00:00:00,30/10/2022 00:00:00,1.140
7.633,22828,01/10/2020 00:00:00,30/10/2022 00:00:00,3.600
7.633,22831,01/10/2020 00:00:00,30/10/2022 00:00:00,13.600
7.648,29345,01/02/2019 00:00:00,28/02/2021 00:00:00,49
7.648,29346,01/02/2019 00:00:00,28/02/2021 00:00:00,6.000
7.648,29349,01/02/2019 00:00:00,28/02/2021 00:00:00,4.000
7.648,29352,01/02/2019 00:00:00,28/02/2021 00:00:00,1.213
7.661,BD-007/20,01/07/2020 00:00:00,30/06/2022 00:00:00,2.300
7.693,AB46127,01/05/2020 00:00:00,30/04/2022 00:00:00,5.740
7.693,AB66591,01/07/2020 00:00:00,30/06/2022 00:00:00,12.824
7.728,6624136,01/02/2020 00:00:00,28/02/2022 00:00:00,840
7.742,90038,01/04/2020 00:00:00,30/04/2022 00:00:00,6.000
7.746,76084,01/10/2020 00:00:00,30/10/2022 00:00:00,7.500
7.748,114192,01/10/2020 00:00:00,30/10/2022 00:00:00,965
7.748,114200,01/11/2020 00:00:00,30/11/2022 00:00:00,950
7.748,114201,01/11/2020 00:00:00,30/11/2022 00:00:00,10.000
7.767,27744E,01/04/2019 00:00:00,30/04/2021 00:00:00,30.480
7.785,2005040,01/05/2020 00:00:00,30/05/2022 00:00:00,6.043
7.789,20101092,01/10/2020 00:00:00,30/10/2022 00:00:00,9.250
7.789,20101093,01/10/2020 00:00:00,30/10/2022 00:00:00,350
7.792,BC-001/20,01/01/2020 00:00:00,30/12/2021 00:00:00,950
7.827,20A446,01/01/2020 00:00:00,30/01/2022 00:00:00,6.300
7.827,20D047,01/03/2020 00:00:00,30/03/2022 00:00:00,76.500
7.831,20G04H,01/07/2020 00:00:00,30/07/2022 00:00:00,9.600
7.831,20I73E,01/09/2020 00:00:00,30/09/2022 00:00:00,280.500
7.847,20H631,01/08/2020 00:00:00,30/08/2022 00:00:00,2.130
7.847,20H632,01/08/2020 00:00:00,30/08/2022 00:00:00,8.850
7.847,20H633,01/08/2020 00:00:00,30/08/2022 00:00:00,7.350
7.847,20H634,01/08/2020 00:00:00,30/08/2022 00:00:00,4.900
7.847,20H635,01/08/2020 00:00:00,30/08/2022 00:00:00,6.740
7.847,20H637,01/08/2020 00:00:00,30/08/2022 00:00:00,7.350
7.847,20H638,01/08/2020 00:00:00,30/08/2022 00:00:00,2.450
7.868,20030724,01/03/2020 00:00:00,30/03/2022 00:00:00,2.832
7.868,20030836,01/03/2020 00:00:00,30/03/2023 00:00:00,2.580
7.868,20030894,01/03/2020 00:00:00,30/03/2023 00:00:00,5.724
7.895,12532A,01/10/2020 00:00:00,30/10/2022 00:00:00,1.285
7.895,12533A,01/10/2020 00:00:00,30/10/2022 00:00:00,18.000
7.906,A201997,01/05/2020 00:00:00,30/05/2022 00:00:00,117.500
7.935,20I0450A,01/09/2020 00:00:00,30/09/2022 00:00:00,26.700
7.935,20I0451A,01/09/2020 00:00:00,30/09/2022 00:00:00,31.680
7.935,20I0452A,01/09/2020 00:00:00,30/09/2022 00:00:00,7.920
7.935,20I4973B,01/09/2020 00:00:00,30/09/2022 00:00:00,1.920
7.935,20I4974B,01/09/2020 00:00:00,30/09/2022 00:00:00,29.310
7.935,20I4975B,01/09/2020 00:00:00,30/09/2022 00:00:00,27.720
7.972,200054,01/02/2020 00:00:00,28/02/2022 00:00:00,653
7.972,200058,01/02/2020 00:00:00,28/02/2022 00:00:00,500
7.972,200210,01/04/2020 00:00:00,30/04/2022 00:00:00,150
7.976,20E68N,01/05/2020 00:00:00,30/05/2022 00:00:00,785.960
7.976,20H51I,01/08/2020 00:00:00,30/08/2022 00:00:00,184.520
7.978,20F730,01/06/2020 00:00:00,30/06/2022 00:00:00,132.860
7.978,20H71H,01/08/2020 00:00:00,30/08/2022 00:00:00,115.920
7.981,20I19C,01/09/2020 00:00:00,30/09/2022 00:00:00,159.300
7.981,20I395,01/09/2020 00:00:00,30/09/2022 00:00:00,437.400
7.981,20I807,01/09/2020 00:00:00,30/09/2022 00:00:00,79.800
7.984,20B154,01/02/2020 00:00:00,28/02/2022 00:00:00,5.200
7.995,20A181,01/12/2019 00:00:00,30/12/2021 00:00:00,1
7.995,20A40F,01/01/2020 00:00:00,30/01/2022 00:00:00,1
7.995,20H76P,01/08/2020 00:00:00,30/08/2022 00:00:00,15.400
7.995,20H77P,01/08/2020 00:00:00,30/08/2022 00:00:00,1.389
7.995,20H951,01/08/2020 00:00:00,30/08/2022 00:00:00,4.800
8.012,20G625,01/07/2020 00:00:00,30/07/2022 00:00:00,29.040
8.024,20C276,01/02/2020 00:00:00,28/02/2022 00:00:00,200
8.024,20C277,01/02/2020 00:00:00,28/02/2022 00:00:00,300
8.024,20H67I,01/08/2020 00:00:00,30/08/2022 00:00:00,28.810
8.028,88420,01/10/2020 00:00:00,30/10/2022 00:00:00,1.500
8.030,20020184,01/02/2020 00:00:00,28/02/2022 00:00:00,100
8.030,20030402,01/03/2020 00:00:00,30/03/2022 00:00:00,14.850
8.030,20050676,01/05/2020 00:00:00,30/05/2022 00:00:00,3.000
8.030,20050678,01/05/2020 00:00:00,30/05/2022 00:00:00,17.100
8.030,20050737,01/05/2020 00:00:00,30/05/2022 00:00:00,9.900
8.036,0327/20,01/03/2020 00:00:00,28/02/2022 00:00:00,6.329
8.036,0329/20,01/03/2020 00:00:00,28/02/2022 00:00:00,1.500
8.042,19K61C,01/11/2019 00:00:00,30/11/2021 00:00:00,119.840
8.042,19L02A,01/12/2019 00:00:00,30/12/2021 00:00:00,2.800
8.042,20A88G,01/01/2020 00:00:00,30/01/2022 00:00:00,166.320
8.045,20D267,01/04/2020 00:00:00,30/04/2022 00:00:00,51.300
8.045,20H92E,01/08/2020 00:00:00,30/08/2022 00:00:00,54.400
8.077,20H084,01/07/2020 00:00:00,30/07/2022 00:00:00,15.900
8.094,2623A,01/12/2019 00:00:00,30/12/2021 00:00:00,200
8.094,2708A,01/03/2020 00:00:00,30/03/2022 00:00:00,1
8.094,2740A,01/04/2020 00:00:00,30/04/2022 00:00:00,1
8.094,2783A,01/06/2020 00:00:00,30/06/2022 00:00:00,40.484
8.122,6566706,01/06/2020 00:00:00,30/06/2022 00:00:00,900
8.134,29411,01/11/2019 00:00:00,30/11/2021 00:00:00,1
8.134,29454,01/07/2020 00:00:00,30/07/2022 00:00:00,16.605
8.134,29456,01/07/2020 00:00:00,30/07/2022 00:00:00,2.800
8.134,29467,01/08/2020 00:00:00,30/08/2022 00:00:00,3.700
8.134,29468,01/08/2020 00:00:00,30/08/2022 00:00:00,39.600
8.166,20D36C,01/04/2020 00:00:00,30/04/2022 00:00:00,700
8.166,20D37C,01/04/2020 00:00:00,30/04/2022 00:00:00,1.680
8.181,20C983,01/03/2020 00:00:00,30/03/2022 00:00:00,1.200
8.204,20C984,01/03/2020 00:00:00,30/03/2022 00:00:00,3.120
8.216,CA20I333,01/09/2020 00:00:00,30/09/2022 00:00:00,3.420
8.216,CA20I335,01/09/2020 00:00:00,30/09/2022 00:00:00,5.934
8.216,CA20I351,01/09/2020 00:00:00,30/09/2022 00:00:00,10.020
8.219,BA-001/20,01/10/2020 00:00:00,30/09/2022 00:00:00,1.200
8.220,BE-001/20,01/07/2020 00:00:00,30/06/2022 00:00:00,1.200
8.224,100029,01/06/2020 00:00:00,30/06/2022 00:00:00,350
8.272,20A69L,01/01/2020 00:00:00,30/01/2022 00:00:00,480
8.280,3797,01/02/2019 00:00:00,28/02/2024 00:00:00,355
8.280,4056,01/06/2019 00:00:00,30/06/2024 00:00:00,3.000
8.281,4378,01/11/2019 00:00:00,30/11/2024 00:00:00,8.064
8.281,4746,01/03/2020 00:00:00,30/03/2025 00:00:00,15.600
8.282,4298,01/10/2019 00:00:00,30/10/2024 00:00:00,4.572
8.282,4363,01/11/2019 00:00:00,30/11/2024 00:00:00,4.428
8.282,4420,01/12/2019 00:00:00,30/12/2024 00:00:00,4.920
8.282,4724,01/03/2020 00:00:00,30/03/2025 00:00:00,492
8.282,4769,01/03/2020 00:00:00,30/03/2025 00:00:00,9.840
8.283,4212,01/08/2019 00:00:00,30/08/2024 00:00:00,9.420
8.283,4402,01/11/2019 00:00:00,30/11/2024 00:00:00,1.260
8.283,4439,01/12/2019 00:00:00,30/12/2024 00:00:00,420
8.283,4581,01/01/2020 00:00:00,30/01/2025 00:00:00,8.400
8.283,4631,01/02/2020 00:00:00,28/02/2025 00:00:00,7.560
8.283,4713,01/03/2020 00:00:00,30/03/2025 00:00:00,4.200
8.284,4215,01/09/2019 00:00:00,30/09/2024 00:00:00,216
8.284,4312,01/10/2019 00:00:00,30/10/2024 00:00:00,1.572
8.284,4542,01/01/2020 00:00:00,30/01/2025 00:00:00,3.120
8.284,4666,01/02/2020 00:00:00,28/02/2025 00:00:00,3.120
8.284,4708,01/03/2020 00:00:00,30/03/2025 00:00:00,5.928
8.284,4768,01/03/2020 00:00:00,30/03/2025 00:00:00,3.120
8.284,5179,01/06/2020 00:00:00,30/06/2025 00:00:00,6.240
8.284,5213,01/06/2020 00:00:00,30/06/2025 00:00:00,4.056
8.286,3588,01/10/2018 00:00:00,30/10/2023 00:00:00,3.492
8.286,4832,01/03/2020 00:00:00,30/03/2025 00:00:00,2.520
8.287,4202,01/08/2019 00:00:00,30/08/2024 00:00:00,6.072
8.287,4828,01/03/2020 00:00:00,30/03/2025 00:00:00,3.600
8.289,4190,01/08/2019 00:00:00,30/08/2024 00:00:00,123
8.289,4887,01/04/2020 00:00:00,30/04/2025 00:00:00,160
8.289,4906,01/04/2020 00:00:00,30/04/2025 00:00:00,264
8.289,4941,01/04/2020 00:00:00,30/04/2025 00:00:00,160
8.289,5113,01/06/2020 00:00:00,30/06/2025 00:00:00,304
8.289,5145,01/06/2020 00:00:00,30/06/2025 00:00:00,256
8.289,5182,01/06/2020 00:00:00,30/06/2025 00:00:00,360
8.289,5204,01/06/2020 00:00:00,30/06/2025 00:00:00,168
8.289,5226,01/06/2020 00:00:00,30/06/2025 00:00:00,104
8.289,5252,01/07/2020 00:00:00,30/06/2025 00:00:00,80
8.289,5264,01/07/2020 00:00:00,30/07/2025 00:00:00,144
8.290,4514,01/01/2020 00:00:00,30/01/2025 00:00:00,23.502
8.290,4532,01/01/2020 00:00:00,30/01/2025 00:00:00,33.900
8.290,5124,01/06/2020 00:00:00,30/06/2025 00:00:00,11.600
8.290,5334,01/07/2020 00:00:00,30/07/2025 00:00:00,38.400
8.291,3972,01/05/2019 00:00:00,30/05/2024 00:00:00,2
8.291,5139,01/06/2020 00:00:00,30/06/2025 00:00:00,180
8.291,5160,01/06/2020 00:00:00,30/06/2025 00:00:00,50
8.292,3820,01/02/2019 00:00:00,28/02/2024 00:00:00,1
8.293,5280,01/07/2020 00:00:00,30/07/2025 00:00:00,117
8.294,5173,01/06/2020 00:00:00,30/06/2025 00:00:00,69.064
8.295,5217,01/06/2020 00:00:00,30/06/2025 00:00:00,25
8.306,SAGAAA043A,01/08/2018 00:00:00,30/08/2023 00:00:00,299.600
8.325,8834,01/01/2016 00:00:00,30/05/2025 00:00:00,12
8.332,SSSLAA0235,01/06/2018 00:00:00,30/06/2023 00:00:00,29.900
8.341,20259S,01/07/2019 00:00:00,30/07/2021 00:00:00,6.000
8.341,O03187,01/09/2020 00:00:00,30/09/2022 00:00:00,2.160.000
8.341,O03194,01/09/2020 00:00:00,30/09/2022 00:00:00,4.188.000
8.341,O03226,01/09/2020 00:00:00,30/09/2022 00:00:00,2.738.000
8.342,669088A,01/03/2020 00:00:00,30/09/2021 00:00:00,600
8.348,20060618,01/07/2020 00:00:00,30/06/2022 00:00:00,1.150
8.349,20030102,01/03/2020 00:00:00,30/03/2022 00:00:00,9.150
8.349,20050298,01/05/2020 00:00:00,30/05/2022 00:00:00,15.000
8.349,20050300,01/06/2020 00:00:00,30/05/2022 00:00:00,5.000
8.349,20060496,01/06/2020 00:00:00,30/06/2022 00:00:00,10.000
8.352,1051540,01/05/2020 00:00:00,30/05/2022 00:00:00,102.660
8.362,2006295,01/05/2020 00:00:00,30/05/2022 00:00:00,725.760
8.362,2006297,01/05/2020 00:00:00,30/05/2022 00:00:00,1.115.520
8.362,2008457,01/06/2020 00:00:00,30/06/2022 00:00:00,1.434.720
8.362,2008459,01/06/2020 00:00:00,30/06/2022 00:00:00,565.440
8.362,2009172,01/06/2020 00:00:00,30/06/2022 00:00:00,540.960
8.362,2009173,01/06/2020 00:00:00,30/06/2022 00:00:00,1.459.200
8.364,O03062,01/09/2020 00:00:00,30/09/2022 00:00:00,55.500
8.380,20287,01/06/2020 00:00:00,30/06/2023 00:00:00,120
8.388,M2003799,01/01/2020 00:00:00,30/12/2021 00:00:00,82.800
8.388,M2003842,01/01/2020 00:00:00,30/12/2021 00:00:00,5.400
8.388,M2005608,01/02/2020 00:00:00,30/01/2022 00:00:00,16.320
8.388,Y16437,01/09/2019 00:00:00,30/08/2021 00:00:00,52.470
8.394,20060514,01/07/2020 00:00:00,30/06/2022 00:00:00,6.450
8.394,20060608,01/07/2020 00:00:00,30/06/2022 00:00:00,10.000
8.398,M916803,01/11/2019 00:00:00,30/10/2021 00:00:00,94.000
8.406,9215229,01/06/2020 00:00:00,30/06/2022 00:00:00,350
8.421,1053735,01/06/2020 00:00:00,30/06/2022 00:00:00,39.360
8.444,20I10C,01/09/2020 00:00:00,30/09/2022 00:00:00,624.000
8.444,20I10K,01/09/2020 00:00:00,30/09/2022 00:00:00,273.600
8.444,20I11K,01/09/2020 00:00:00,30/09/2022 00:00:00,609.600
8.444,20I12K,01/09/2020 00:00:00,30/09/2022 00:00:00,633.600
8.444,20I25I,01/09/2020 00:00:00,30/09/2022 00:00:00,163.800
8.444,20I28I,01/09/2020 00:00:00,30/09/2022 00:00:00,595.200
8.444,20I31K,01/09/2020 00:00:00,30/09/2022 00:00:00,388.800
8.444,20I32K,01/09/2020 00:00:00,30/09/2022 00:00:00,633.600
8.444,20I35K,01/09/2020 00:00:00,30/09/2022 00:00:00,614.400
8.444,20I35L,01/09/2020 00:00:00,30/09/2022 00:00:00,614.400
8.444,20I36K,01/09/2020 00:00:00,30/09/2022 00:00:00,614.400
8.444,20I39G,01/09/2020 00:00:00,30/09/2022 00:00:00,624.000
8.444,20I65B,01/09/2020 00:00:00,30/09/2022 00:00:00,345.600
8.444,20I69G,01/09/2020 00:00:00,30/09/2022 00:00:00,537.600
8.444,20I70G,01/09/2020 00:00:00,30/09/2022 00:00:00,614.400
8.444,20I719,01/09/2020 00:00:00,30/09/2022 00:00:00,172.800
8.444,20I71G,01/09/2020 00:00:00,30/09/2022 00:00:00,100.800
8.444,20I721,01/09/2020 00:00:00,30/09/2022 00:00:00,518.400
8.444,20I72G,01/09/2020 00:00:00,30/09/2022 00:00:00,590.400
8.444,20I76H,01/09/2020 00:00:00,30/09/2022 00:00:00,624.000
8.444,20I778,01/09/2020 00:00:00,30/09/2022 00:00:00,345.600
8.444,20I779,01/09/2020 00:00:00,30/09/2022 00:00:00,345.600
8.444,20I77H,01/09/2020 00:00:00,30/09/2022 00:00:00,446.400
8.444,20I78M,01/09/2020 00:00:00,30/09/2022 00:00:00,609.600
8.444,20I79H,01/09/2020 00:00:00,30/09/2022 00:00:00,407.200
8.444,20I79M,01/09/2020 00:00:00,30/09/2022 00:00:00,62.400
8.444,20I82F,01/09/2020 00:00:00,30/09/2022 00:00:00,177.600
8.444,20I848,01/09/2020 00:00:00,30/09/2022 00:00:00,288.000
8.444,20I84F,01/09/2020 00:00:00,30/09/2022 00:00:00,628.800
8.444,20I85F,01/09/2020 00:00:00,30/09/2022 00:00:00,451.200
8.444,20I86F,01/09/2020 00:00:00,30/09/2022 00:00:00,614.400
8.444,20I87F,01/09/2020 00:00:00,30/09/2022 00:00:00,609.600
8.444,20I88F,01/09/2020 00:00:00,30/09/2022 00:00:00,614.400
8.444,20I89F,01/09/2020 00:00:00,30/09/2022 00:00:00,614.400
8.444,20I978,01/09/2020 00:00:00,30/09/2022 00:00:00,624.000
8.444,20I979,01/09/2020 00:00:00,30/09/2022 00:00:00,633.600
8.444,20I980,01/09/2020 00:00:00,30/09/2022 00:00:00,614.400
8.444,20I981,01/09/2020 00:00:00,30/09/2022 00:00:00,585.600
8.444,20I982,01/09/2020 00:00:00,30/09/2022 00:00:00,172.800
8.444,20I983,01/09/2020 00:00:00,30/09/2022 00:00:00,604.800
8.444,20I984,01/09/2020 00:00:00,30/09/2022 00:00:00,604.800
8.444,20l10K,01/09/2020 00:00:00,30/09/2022 00:00:00,43.200
8.450,"2,00E+152",01/04/2020 00:00:00,30/10/2021 00:00:00,45.000
8.460,20081017,01/08/2020 00:00:00,30/08/2022 00:00:00,240
8.466,CA20J375,01/10/2020 00:00:00,30/10/2022 00:00:00,645
8.468,AP19D105,01/04/2019 00:00:00,30/04/2021 00:00:00,240
8.468,AP19G217,01/07/2019 00:00:00,30/07/2021 00:00:00,300
8.468,AP19G218,01/07/2019 00:00:00,30/07/2021 00:00:00,480
8.468,AP19M371,01/12/2019 00:00:00,30/12/2021 00:00:00,20
8.468,AP20D108,01/04/2020 00:00:00,30/04/2022 00:00:00,2.880
8.468,AP20D109,01/04/2020 00:00:00,30/04/2022 00:00:00,16.320
8.468,AP20D110,01/04/2020 00:00:00,30/04/2022 00:00:00,10.800
8.469,20G95V,01/07/2020 00:00:00,30/07/2022 00:00:00,78.000
8.469,20H071,01/07/2020 00:00:00,30/07/2022 00:00:00,100.800
8.471,2010666,01/07/2020 00:00:00,30/07/2022 00:00:00,193.440
8.471,2010667,01/07/2020 00:00:00,30/07/2022 00:00:00,172.320
8.475,SSSLAA250A,01/08/2018 00:00:00,30/08/2023 00:00:00,5.700
8.476,G781,01/11/2019 00:00:00,30/11/2024 00:00:00,2.750
8.476,G832,01/12/2019 00:00:00,30/12/2024 00:00:00,3.500
8.490,G795,01/12/2019 00:00:00,30/12/2024 00:00:00,58.000
8.491,H115,01/02/2020 00:00:00,28/02/2025 00:00:00,383.500
8.491,H141,01/02/2020 00:00:00,28/02/2025 00:00:00,107.000
8.507,87059S,01/05/2019 00:00:00,30/05/2021 00:00:00,27.700
8.507,O01137,01/04/2020 00:00:00,30/04/2022 00:00:00,300
8.507,O01152,01/04/2020 00:00:00,30/04/2022 00:00:00,300
8.508,G828,01/12/2019 00:00:00,30/12/2024 00:00:00,55.500
8.510,20203020,01/08/2020 00:00:00,30/08/2022 00:00:00,6.800
8.525,WFU,01/06/2020 00:00:00,30/05/2022 00:00:00,400
8.526,LXQ,01/10/2020 00:00:00,30/09/2022 00:00:00,25.000
8.543,2008023,01/06/2020 00:00:00,30/06/2022 00:00:00,767.830
8.543,2008124,01/06/2020 00:00:00,30/06/2022 00:00:00,832.020
8.543,2008125,01/06/2020 00:00:00,30/06/2022 00:00:00,781.060
8.543,2008623,01/06/2020 00:00:00,30/06/2022 00:00:00,261.660
8.543,2010260,01/07/2020 00:00:00,30/07/2022 00:00:00,532.630
8.547,93620,01/08/2020 00:00:00,30/08/2022 00:00:00,1.650
8.547,93820,01/08/2020 00:00:00,30/08/2022 00:00:00,1.650
8.547,93920,01/08/2020 00:00:00,30/08/2022 00:00:00,1.650
8.547,94020,01/08/2020 00:00:00,30/08/2022 00:00:00,858
8.628,19831,01/01/2020 00:00:00,30/01/2022 00:00:00,3
8.628,19884,01/06/2020 00:00:00,30/06/2022 00:00:00,100
8.640,1053570,01/07/2020 00:00:00,30/07/2022 00:00:00,26.460
8.651,G794,01/12/2019 00:00:00,30/12/2024 00:00:00,33.500
8.652,G686,01/10/2019 00:00:00,30/10/2024 00:00:00,23.500
8.652,G750,01/11/2019 00:00:00,30/11/2024 00:00:00,50.000
8.653,G526,01/08/2019 00:00:00,30/08/2024 00:00:00,29.000
8.653,G547,01/08/2019 00:00:00,30/08/2024 00:00:00,50.000
8.654,G747,01/11/2019 00:00:00,30/11/2024 00:00:00,166.250
8.654,H95,01/02/2020 00:00:00,28/02/2025 00:00:00,23.500
8.655,G751,01/11/2019 00:00:00,30/11/2024 00:00:00,36.000
8.655,H104,01/02/2020 00:00:00,28/02/2025 00:00:00,49.250
8.687,ECZ,01/01/2020 00:00:00,30/12/2021 00:00:00,11.400
8.687,EDA,01/01/2020 00:00:00,30/12/2021 00:00:00,13.400
8.696,2156,01/01/2017 00:00:00,30/01/2022 00:00:00,2.178
8.702,20E0222A,01/05/2020 00:00:00,30/05/2022 00:00:00,5.760
8.716,2008782,01/06/2020 00:00:00,30/06/2022 00:00:00,48.000
8.716,2008783,01/06/2020 00:00:00,30/06/2022 00:00:00,22.944
8.727,4054234,01/04/2020 00:00:00,30/04/2022 00:00:00,1.000
8.737,20J414,01/10/2020 00:00:00,30/10/2022 00:00:00,1.800
8.737,20J415,01/10/2020 00:00:00,30/10/2022 00:00:00,1.120
8.777,20G151,01/07/2020 00:00:00,30/07/2022 00:00:00,76
8.785,92060223,01/05/2020 00:00:00,30/05/2022 00:00:00,7.000
8.785,92060226,01/05/2020 00:00:00,30/05/2022 00:00:00,10.500
8.785,92060237,01/06/2020 00:00:00,30/06/2022 00:00:00,4.000
8.790,B19E0033,01/05/2019 00:00:00,30/05/2021 00:00:00,22.590
8.790,B19E0654,01/05/2019 00:00:00,30/05/2021 00:00:00,3.780
8.790,B19E0655,01/05/2019 00:00:00,30/05/2021 00:00:00,38.820
8.792,20050355,01/05/2020 00:00:00,30/05/2022 00:00:00,900
8.799,20J931,01/10/2020 00:00:00,30/10/2022 00:00:00,5.000
8.810,200754,01/11/2020 00:00:00,30/11/2022 00:00:00,1.400
8.810,200755,01/11/2020 00:00:00,30/11/2022 00:00:00,4.800
8.810,200756,01/11/2020 00:00:00,30/11/2022 00:00:00,4.600
8.816,66196,01/06/2020 00:00:00,30/06/2022 00:00:00,5.983
8.816,66197,01/06/2020 00:00:00,30/06/2022 00:00:00,13.075
8.816,66200,01/08/2020 00:00:00,30/08/2022 00:00:00,17.800
8.816,66202,01/10/2020 00:00:00,30/10/2022 00:00:00,2.400
8.817,082/20,01/05/2020 00:00:00,30/05/2023 00:00:00,750.000
8.817,091/20,01/05/2020 00:00:00,30/05/2023 00:00:00,540.000
8.817,094/20,01/05/2020 00:00:00,30/05/2023 00:00:00,768.000
8.817,095/20,01/05/2020 00:00:00,30/05/2023 00:00:00,768.000
8.817,097/20,01/05/2020 00:00:00,30/05/2023 00:00:00,762.000
8.817,098/20,01/05/2020 00:00:00,30/05/2023 00:00:00,774.000
8.817,099/20,01/05/2020 00:00:00,30/05/2023 00:00:00,774.000
8.817,100/20,01/05/2020 00:00:00,30/05/2023 00:00:00,180.000
8.817,101/20,01/06/2020 00:00:00,30/06/2023 00:00:00,294.000
8.817,10120,01/06/2020 00:00:00,30/06/2023 00:00:00,84.000
8.817,102/20,01/06/2020 00:00:00,30/06/2023 00:00:00,12.000
8.817,106/20,01/06/2020 00:00:00,30/06/2023 00:00:00,12.000
8.817,122/20,01/07/2020 00:00:00,30/07/2023 00:00:00,6.000
8.817,134/20,01/08/2020 00:00:00,30/08/2023 00:00:00,6.000
8.817,156/20,01/09/2020 00:00:00,30/09/2023 00:00:00,90.000
8.817,157/20,01/09/2020 00:00:00,30/09/2023 00:00:00,780.000
8.817,158/20,01/09/2020 00:00:00,30/09/2023 00:00:00,762.000
8.817,159/20,01/09/2020 00:00:00,30/09/2023 00:00:00,774.000
8.817,160/20,01/09/2020 00:00:00,30/09/2023 00:00:00,768.000
8.817,161/20,01/09/2020 00:00:00,30/09/2023 00:00:00,768.000
8.817,164/20,01/09/2020 00:00:00,30/09/2023 00:00:00,750.000
8.817,165/20,01/09/2020 00:00:00,30/09/2023 00:00:00,12.000
8.817,166/20,01/09/2020 00:00:00,30/09/2023 00:00:00,774.000
8.817,167/20,01/09/2020 00:00:00,30/09/2023 00:00:00,780.000
8.817,168/20,01/09/2020 00:00:00,30/09/2023 00:00:00,780.000
8.817,175/20,01/09/2020 00:00:00,30/09/2023 00:00:00,768.000
8.817,181/20,01/10/2020 00:00:00,30/10/2023 00:00:00,732.000
8.817,182/20,01/10/2020 00:00:00,30/10/2023 00:00:00,786.000
8.817,185/20,01/10/2020 00:00:00,30/10/2023 00:00:00,774.000
8.823,20101510,01/10/2020 00:00:00,30/10/2022 00:00:00,4.025
8.825,20101527,01/10/2020 00:00:00,30/10/2022 00:00:00,750
8.835,AX919,01/06/2020 00:00:00,30/05/2022 00:00:00,1.794
8.835,AX920,01/06/2020 00:00:00,30/05/2022 00:00:00,139
8.841,20070266,01/07/2020 00:00:00,30/07/2023 00:00:00,21.600
8.844,117304,01/08/2020 00:00:00,30/08/2022 00:00:00,1
8.846,651401A,01/11/2019 00:00:00,30/11/2021 00:00:00,36
8.857,1931K,01/07/2017 00:00:00,30/07/2022 00:00:00,54.600
8.857,1968K,01/07/2017 00:00:00,30/07/2022 00:00:00,140.000
8.857,2681K,01/08/2017 00:00:00,30/08/2022 00:00:00,160.000
8.864,19B178,01/01/2019 00:00:00,30/01/2021 00:00:00,150
8.875,19I64D,01/09/2019 00:00:00,30/09/2021 00:00:00,230
8.876,108783C,01/03/2020 00:00:00,30/03/2022 00:00:00,1.421
8.882,19865,01/04/2020 00:00:00,30/04/2022 00:00:00,1.527
8.882,19866,01/04/2020 00:00:00,30/04/2022 00:00:00,3.600
8.882,19868,01/06/2020 00:00:00,30/06/2022 00:00:00,9.000
8.882,19869,01/06/2020 00:00:00,30/06/2022 00:00:00,3.800
8.882,19888,01/06/2020 00:00:00,30/06/2022 00:00:00,4.950
8.882,19889,01/06/2020 00:00:00,30/06/2022 00:00:00,9.650
8.882,19891,01/07/2020 00:00:00,30/07/2022 00:00:00,5.350
8.889,AB49283,01/05/2020 00:00:00,30/04/2022 00:00:00,35.670
8.892,20B764,01/02/2020 00:00:00,28/02/2022 00:00:00,994
8.895,113070,01/12/2019 00:00:00,30/12/2021 00:00:00,2.500
8.904,63217053,01/05/2017 00:00:00,30/05/2022 00:00:00,21.700
8.908,20I642,01/09/2020 00:00:00,30/09/2022 00:00:00,33.600
8.908,20I643,01/09/2020 00:00:00,30/09/2022 00:00:00,40.320
8.908,20I645,01/09/2020 00:00:00,30/09/2022 00:00:00,560
8.908,20I64N,01/09/2020 00:00:00,30/09/2022 00:00:00,29.120
8.909,20G917,01/07/2020 00:00:00,30/04/2022 00:00:00,75.060
8.909,20J039,01/09/2020 00:00:00,30/06/2022 00:00:00,84.000
8.910,20D403,01/04/2020 00:00:00,30/01/2022 00:00:00,30
8.911,19K07L,01/11/2019 00:00:00,30/11/2021 00:00:00,624
8.911,20B12I,01/02/2020 00:00:00,28/02/2022 00:00:00,2.000
8.913,3937K,01/11/2017 00:00:00,30/11/2022 00:00:00,125.100
8.942,20J69B,01/10/2020 00:00:00,30/10/2022 00:00:00,13.500
8.942,20K554,01/11/2020 00:00:00,30/11/2022 00:00:00,10.800
8.949,19J860,01/09/2019 00:00:00,30/09/2021 00:00:00,80
8.953,2012226,01/06/2020 00:00:00,30/12/2021 00:00:00,743.000
8.953,2014364,01/06/2020 00:00:00,30/12/2021 00:00:00,313.500
8.953,2015126,01/07/2020 00:00:00,30/01/2022 00:00:00,1.057.000
8.953,2015143,01/07/2020 00:00:00,30/01/2022 00:00:00,100.000
8.953,2015172,01/07/2020 00:00:00,30/01/2022 00:00:00,1.000.000
8.953,2017756,01/08/2020 00:00:00,28/02/2022 00:00:00,1.000.000
8.953,2017787,01/08/2020 00:00:00,28/02/2022 00:00:00,500.000
8.953,2018164,01/09/2020 00:00:00,30/03/2022 00:00:00,2.000.000
8.955,20040642,01/04/2020 00:00:00,30/04/2023 00:00:00,2.400
8.957,DB20J369,01/10/2020 00:00:00,30/10/2022 00:00:00,4.600
8.959,58PM4,01/03/2018 00:00:00,30/03/2021 00:00:00,11.340
8.959,75PM7,01/07/2018 00:00:00,30/07/2021 00:00:00,3.400
8.959,97PM7,01/11/2018 00:00:00,30/11/2021 00:00:00,6.720
8.959,98PM7,01/11/2018 00:00:00,30/11/2021 00:00:00,10.080
8.963,20PRMM7,01/05/2018 00:00:00,30/05/2021 00:00:00,776
8.963,21PRMM8,01/07/2018 00:00:00,30/07/2021 00:00:00,4.112
8.970,0000098XM,01/11/2018 00:00:00,30/11/2021 00:00:00,14
8.993,2037005,01/02/2020 00:00:00,28/02/2022 00:00:00,2.208
8.993,2037006,01/02/2020 00:00:00,28/02/2022 00:00:00,1.190
8.994,19005178,01/12/2019 00:00:00,30/12/2021 00:00:00,141.000
8.995,19050495,01/05/2019 00:00:00,30/05/2021 00:00:00,175
8.996,20C76M,01/03/2020 00:00:00,30/12/2021 00:00:00,900
9.002,1272/20,01/11/2020 00:00:00,30/10/2022 00:00:00,20.500
9.002,1284/20,01/11/2020 00:00:00,30/10/2022 00:00:00,340.500
9.015,13077,01/05/2019 00:00:00,30/05/2021 00:00:00,20
9.015,9810,01/01/2019 00:00:00,30/01/2021 00:00:00,4.200
9.015,20101,01/06/2020 00:00:00,30/06/2022 00:00:00,45.868
9.015,21353,01/07/2020 00:00:00,30/07/2022 00:00:00,150.000
9.023,B20A1284,01/01/2020 00:00:00,30/01/2022 00:00:00,930
9.035,19L492,01/11/2019 00:00:00,30/11/2021 00:00:00,45.840
9.039,20080343,01/08/2020 00:00:00,30/08/2022 00:00:00,600
9.047,2003409,01/03/2020 00:00:00,30/03/2022 00:00:00,54.953
9.047,2004748,01/04/2020 00:00:00,30/04/2022 00:00:00,74.220
9.053,72788,01/10/2020 00:00:00,30/10/2022 00:00:00,106.500
9.053,72798,01/11/2020 00:00:00,30/11/2022 00:00:00,40.000
9.075,19040185,01/04/2019 00:00:00,30/04/2021 00:00:00,1.200
9.087,B20H1725,01/08/2020 00:00:00,30/08/2022 00:00:00,74.190
9.088,20J23K,01/10/2020 00:00:00,30/10/2022 00:00:00,2.892.480
9.088,20J24A,01/10/2020 00:00:00,30/10/2022 00:00:00,1.935.360
9.088,20J25A,01/10/2020 00:00:00,30/10/2022 00:00:00,967.680
9.088,20J60I,01/10/2020 00:00:00,30/10/2022 00:00:00,1.935.360
9.088,20J83L,01/10/2020 00:00:00,30/10/2022 00:00:00,1.935.360
9.088,20J992,01/10/2020 00:00:00,30/10/2022 00:00:00,1.935.360
9.088,20J996,01/10/2020 00:00:00,30/10/2022 00:00:00,2.199.360
9.088,20K48C,01/11/2020 00:00:00,30/11/2022 00:00:00,558.720
9.088,20K75F,01/11/2020 00:00:00,30/11/2022 00:00:00,3.640.320
9.101,B20F1388,01/06/2020 00:00:00,30/06/2022 00:00:00,20.800
9.101,B20F1389,01/07/2020 00:00:00,30/07/2022 00:00:00,360.000
9.106,2026870,01/06/2020 00:00:00,30/06/2022 00:00:00,900
9.120,1274L4,01/03/2018 00:00:00,30/03/2023 00:00:00,2.000
9.120,3488L4,01/08/2018 00:00:00,30/08/2023 00:00:00,30.000
9.123,20071336,01/07/2020 00:00:00,30/07/2022 00:00:00,24.800
9.123,20071500,01/07/2020 00:00:00,30/07/2022 00:00:00,4.800
9.129,1905424,01/06/2019 00:00:00,30/06/2021 00:00:00,2.000
9.129,1909857,01/09/2019 00:00:00,30/09/2021 00:00:00,2.750
9.129,1911251,01/10/2019 00:00:00,30/10/2021 00:00:00,1.000
9.129,1911253,01/10/2019 00:00:00,30/10/2021 00:00:00,9.000
9.129,1911255,01/10/2019 00:00:00,30/10/2021 00:00:00,40.000
9.129,2006117,01/05/2020 00:00:00,30/05/2022 00:00:00,1.500
9.129,2006118,01/05/2020 00:00:00,30/05/2022 00:00:00,48.500
9.136,190710,01/07/2019 00:00:00,30/07/2021 00:00:00,34.836
9.136,190711,01/07/2019 00:00:00,30/07/2021 00:00:00,25.600
9.147,3637387,01/06/2020 00:00:00,30/06/2022 00:00:00,300
9.155,2004058,01/04/2020 00:00:00,30/04/2022 00:00:00,6.166
9.155,2005037,01/05/2020 00:00:00,30/05/2022 00:00:00,100
9.158,19E06L,01/05/2019 00:00:00,30/05/2021 00:00:00,165
9.158,19E07L,01/05/2019 00:00:00,30/05/2021 00:00:00,1.900
9.163,2011750,01/03/2020 00:00:00,30/03/2022 00:00:00,960
9.163,2011758,01/03/2020 00:00:00,30/03/2022 00:00:00,496
9.163,2011759,01/03/2020 00:00:00,30/03/2022 00:00:00,936
9.163,2011802,01/03/2020 00:00:00,30/03/2022 00:00:00,2.400
9.163,2011803,01/03/2020 00:00:00,30/03/2022 00:00:00,2.136
9.163,2011804,01/03/2020 00:00:00,30/03/2022 00:00:00,1.200
9.175,20040047,01/04/2020 00:00:00,30/04/2022 00:00:00,3.575
9.201,520,01/03/2020 00:00:00,30/03/2023 00:00:00,306.000
9.201,720,01/03/2020 00:00:00,30/03/2023 00:00:00,504.990
9.201,820,01/03/2020 00:00:00,30/03/2023 00:00:00,306.000
9.201,920,01/04/2020 00:00:00,30/04/2023 00:00:00,541.110
9.201,1020,01/04/2020 00:00:00,30/04/2023 00:00:00,513.960
9.201,1120,01/04/2020 00:00:00,30/04/2023 00:00:00,578.460
9.201,1220,01/04/2020 00:00:00,30/04/2023 00:00:00,584.370
9.201,1320,01/06/2020 00:00:00,30/06/2023 00:00:00,452.550
9.201,1420,01/06/2020 00:00:00,30/06/2023 00:00:00,381.000
9.201,1520,01/06/2020 00:00:00,30/06/2023 00:00:00,575.670
9.201,1620,01/06/2020 00:00:00,30/06/2023 00:00:00,582.360
9.201,1720,01/06/2020 00:00:00,30/06/2023 00:00:00,569.910
9.201,1820,01/06/2020 00:00:00,30/06/2023 00:00:00,578.640
9.201,1920,01/08/2020 00:00:00,30/08/2023 00:00:00,600.000
9.201,2020,01/08/2020 00:00:00,30/08/2023 00:00:00,600.000
9.201,2120,01/08/2020 00:00:00,30/08/2023 00:00:00,535.410
9.201,2220,01/08/2020 00:00:00,30/08/2023 00:00:00,441.060
9.230,1912098,01/06/2019 00:00:00,30/06/2021 00:00:00,2.156
9.235,7523215,01/10/2020 00:00:00,30/10/2023 00:00:00,200
9.235,7523224,01/10/2020 00:00:00,30/10/2023 00:00:00,800
9.237,3466,01/08/2018 00:00:00,30/08/2023 00:00:00,24
9.237,4683,01/02/2020 00:00:00,28/02/2025 00:00:00,102
9.241,1907006,01/07/2019 00:00:00,30/07/2021 00:00:00,899
9.245,4398L4,01/10/2018 00:00:00,30/10/2023 00:00:00,750
9.245,4676L4,01/11/2018 00:00:00,30/11/2023 00:00:00,2.250
9.254,79050,01/07/2019 00:00:00,30/07/2021 00:00:00,10.833
9.254,79055,01/07/2019 00:00:00,30/07/2021 00:00:00,3.642
9.286,1178/19,01/11/2019 00:00:00,30/10/2021 00:00:00,1.500
9.286,117819,01/11/2019 00:00:00,30/10/2021 00:00:00,2.500
9.304,SSALAA0076,01/08/2018 00:00:00,30/08/2023 00:00:00,50
9.309,3926,01/04/2019 00:00:00,30/04/2024 00:00:00,293
9.309,4172,01/08/2019 00:00:00,30/08/2024 00:00:00,496
9.309,4180,01/08/2019 00:00:00,30/08/2024 00:00:00,896
9.309,4193,01/08/2019 00:00:00,30/08/2024 00:00:00,608
9.309,4340,01/10/2019 00:00:00,30/10/2024 00:00:00,640
9.309,4354,01/11/2019 00:00:00,30/11/2024 00:00:00,976
9.309,4384,01/11/2019 00:00:00,30/11/2024 00:00:00,1.264
9.309,4412,01/12/2019 00:00:00,30/11/2024 00:00:00,128
9.309,4457,01/12/2019 00:00:00,30/12/2024 00:00:00,544
9.309,4474,01/01/2020 00:00:00,30/01/2025 00:00:00,320
9.309,4530,01/01/2020 00:00:00,30/01/2025 00:00:00,320
9.309,4567,01/01/2020 00:00:00,30/01/2025 00:00:00,320
9.313,20B039,01/01/2020 00:00:00,30/01/2022 00:00:00,2.240
9.314,20H07K,01/08/2020 00:00:00,30/08/2022 00:00:00,38.920
9.399,4LA28,01/03/2019 00:00:00,30/03/2021 00:00:00,65
9.445,30900320,01/08/2020 00:00:00,30/08/2022 00:00:00,6.000
9.453,2011435,01/06/2020 00:00:00,30/06/2022 00:00:00,137.000
9.453,2011781,01/06/2020 00:00:00,30/06/2022 00:00:00,1.187.500
9.453,2014113,01/07/2020 00:00:00,30/07/2022 00:00:00,38.500
9.453,2015571,01/07/2020 00:00:00,30/07/2022 00:00:00,3.000.000
9.453,2015572,01/07/2020 00:00:00,30/07/2022 00:00:00,2.500
9.453,2015783,01/07/2020 00:00:00,30/07/2022 00:00:00,2.550.000
9.453,2015784,01/07/2020 00:00:00,30/07/2022 00:00:00,2.000.000
9.453,2016265,01/08/2020 00:00:00,30/08/2022 00:00:00,250.000
9.569,2771A,01/05/2020 00:00:00,30/05/2022 00:00:00,11.850
9.569,2803A,01/07/2020 00:00:00,30/07/2022 00:00:00,47.400
9.569,2806A,01/07/2020 00:00:00,30/07/2022 00:00:00,47.000
9.569,2807A,01/07/2020 00:00:00,30/07/2022 00:00:00,48.000
9.569,2808A,01/07/2020 00:00:00,30/07/2022 00:00:00,28.284
9.569,2812A,01/09/2020 00:00:00,30/09/2022 00:00:00,10.000
9.569,2814A,01/09/2020 00:00:00,30/09/2022 00:00:00,50.800
9.574,96320085,01/08/2020 00:00:00,30/08/2022 00:00:00,3.500
9.577,42660010,01/02/2019 00:00:00,28/02/2021 00:00:00,33.816
9.577,42660012,01/02/2019 00:00:00,28/02/2021 00:00:00,6.984
9.602,AX282,01/07/2019 00:00:00,30/06/2021 00:00:00,55
9.602,AX284,01/08/2019 00:00:00,30/07/2021 00:00:00,41.450
9.602,AX285,01/08/2019 00:00:00,30/07/2021 00:00:00,47.150
9.602,AX286,01/08/2019 00:00:00,30/07/2021 00:00:00,45.950
9.602,AX287,01/08/2019 00:00:00,30/07/2021 00:00:00,36.650
9.614,2010191,01/07/2020 00:00:00,30/07/2022 00:00:00,190.500
9.629,264019,01/11/2019 00:00:00,30/11/2021 00:00:00,2.264
9.629,264119,01/11/2019 00:00:00,30/11/2021 00:00:00,2.450
9.629,265419,01/11/2019 00:00:00,30/11/2021 00:00:00,2.450
9.630,82020,01/04/2020 00:00:00,30/04/2022 00:00:00,7.000
9.630,82220,01/04/2020 00:00:00,30/04/2022 00:00:00,3.948
9.630,82320,01/04/2020 00:00:00,30/04/2022 00:00:00,5.600
9.631,32420,01/02/2020 00:00:00,28/02/2022 00:00:00,1.829
9.631,78120,01/04/2020 00:00:00,30/04/2022 00:00:00,1.923
9.631,78220,01/04/2020 00:00:00,30/04/2022 00:00:00,6.077
9.632,66720,01/03/2020 00:00:00,30/03/2022 00:00:00,1.044
9.632,66820,01/03/2020 00:00:00,30/03/2022 00:00:00,956
9.632,149919,01/07/2019 00:00:00,30/07/2021 00:00:00,700
9.632,150119,01/07/2019 00:00:00,30/07/2021 00:00:00,481
9.632,150219,01/07/2019 00:00:00,30/07/2021 00:00:00,700
9.633,126719,01/06/2019 00:00:00,30/06/2021 00:00:00,1.566
9.633,126819,01/06/2019 00:00:00,30/06/2021 00:00:00,1.400
9.635,65520,01/03/2020 00:00:00,30/03/2022 00:00:00,1.818
9.635,65620,01/03/2020 00:00:00,30/03/2022 00:00:00,182
9.635,149119,01/07/2019 00:00:00,30/07/2021 00:00:00,570
9.641,99016,01/07/2020 00:00:00,30/07/2022 00:00:00,150.000
9.755,20I925,01/08/2020 00:00:00,30/08/2022 00:00:00,22.200
9.755,20I926,01/08/2020 00:00:00,30/08/2022 00:00:00,158.400
9.755,20J01I,01/10/2020 00:00:00,30/10/2022 00:00:00,57.600
9.758,HS20D017,01/04/2020 00:00:00,30/04/2022 00:00:00,1.800
9.758,HS20I042,01/09/2020 00:00:00,30/09/2022 00:00:00,30.000
9.759,1290644,01/05/2020 00:00:00,30/05/2022 00:00:00,294.700
9.760,12360375,30/01/2019 00:00:00,30/01/2021 00:00:00,150
9.760,12360394,01/03/2019 00:00:00,30/03/2021 00:00:00,104
9.760,12360438,01/07/2019 00:00:00,30/07/2021 00:00:00,139
9.760,12360507,01/03/2020 00:00:00,30/03/2022 00:00:00,240
9.761,19040336,01/04/2019 00:00:00,30/04/2021 00:00:00,16.000
9.778,20H69F,01/07/2020 00:00:00,30/07/2022 00:00:00,3.900
9.779,20090222,01/08/2020 00:00:00,30/08/2022 00:00:00,700
9.779,20110613,01/08/2020 00:00:00,30/08/2022 00:00:00,3.600
9.811,B20E2572,01/06/2020 00:00:00,30/06/2023 00:00:00,45.360
9.811,B20E2573,01/06/2020 00:00:00,30/06/2023 00:00:00,38.280
9.818,O00057,01/02/2020 00:00:00,28/02/2022 00:00:00,217.000
9.857,19G912,01/07/2019 00:00:00,30/07/2021 00:00:00,25
9.858,20F03L,01/06/2020 00:00:00,30/06/2022 00:00:00,11.430
9.862,13480,01/10/2019 00:00:00,30/10/2022 00:00:00,81.564
9.862,13531,01/10/2019 00:00:00,30/10/2022 00:00:00,7
9.862,93401001,01/05/2020 00:00:00,30/05/2023 00:00:00,798
9.862,95501001,01/05/2020 00:00:00,30/05/2023 00:00:00,23.800
9.863,100601001,01/05/2020 00:00:00,30/05/2023 00:00:00,30.048
9.863,127101001,01/07/2020 00:00:00,30/07/2023 00:00:00,98.800
9.863,135301001,01/07/2020 00:00:00,30/07/2023 00:00:00,13.200
9.864,12542,01/07/2019 00:00:00,30/07/2022 00:00:00,2.552
9.877,2005496,01/04/2020 00:00:00,30/04/2022 00:00:00,404.040
9.880,20H848,01/07/2020 00:00:00,30/07/2022 00:00:00,103.200
9.880,20H849,01/07/2020 00:00:00,30/07/2022 00:00:00,20.400
9.880,20J95H,01/10/2020 00:00:00,30/10/2022 00:00:00,100.800
10.010,74NF2287,01/06/2019 00:00:00,30/05/2021 00:00:00,1.748
10.013,20020380,01/02/2020 00:00:00,28/02/2022 00:00:00,250
10.017,19040351,01/04/2019 00:00:00,30/04/2021 00:00:00,47
10.070,O01045,01/04/2020 00:00:00,30/04/2022 00:00:00,10.000
10.071,20J675,01/10/2020 00:00:00,30/04/2022 00:00:00,3.690
10.071,20J676,01/10/2020 00:00:00,30/04/2022 00:00:00,30.720
10.075,88859S,01/05/2019 00:00:00,30/05/2021 00:00:00,570
10.136,MD20G251,01/07/2020 00:00:00,30/07/2022 00:00:00,6.425
10.136,MD20G253,01/07/2020 00:00:00,30/07/2022 00:00:00,4.320
10.136,MD20J371,01/10/2020 00:00:00,30/10/2022 00:00:00,11.400
10.163,20J575,01/10/2020 00:00:00,30/04/2022 00:00:00,8.760
10.165,19J88F,01/10/2019 00:00:00,30/10/2021 00:00:00,3.000
10.166,AB49259,01/05/2020 00:00:00,30/04/2022 00:00:00,98.500
10.166,AB53235,01/06/2020 00:00:00,30/05/2022 00:00:00,255.500
10.166,AB59954,01/06/2020 00:00:00,30/05/2022 00:00:00,253.000
10.166,AB59955,01/06/2020 00:00:00,30/05/2022 00:00:00,10.000
10.166,AB65283,01/07/2020 00:00:00,30/06/2022 00:00:00,5.000
10.170,3824,01/03/2019 00:00:00,30/03/2024 00:00:00,144
10.170,3884,01/03/2019 00:00:00,30/03/2024 00:00:00,136
10.170,3899,01/04/2019 00:00:00,30/04/2024 00:00:00,32
10.170,4120,01/07/2019 00:00:00,30/07/2024 00:00:00,544
10.170,4214,01/09/2019 00:00:00,30/09/2024 00:00:00,48
10.170,4702,01/02/2020 00:00:00,28/02/2025 00:00:00,40
10.170,4748,01/03/2020 00:00:00,30/03/2025 00:00:00,200
10.170,4784,01/03/2020 00:00:00,30/03/2025 00:00:00,160
10.206,20H78S,01/08/2020 00:00:00,30/08/2022 00:00:00,9.600
10.214,1913195,01/07/2019 00:00:00,30/07/2021 00:00:00,30
10.228,100529S,01/03/2020 00:00:00,30/03/2022 00:00:00,13.200
10.253,1909866,01/09/2019 00:00:00,30/09/2021 00:00:00,500
10.256,20030889,01/03/2020 00:00:00,30/03/2023 00:00:00,12.180
10.256,20030896,01/03/2020 00:00:00,30/03/2023 00:00:00,820
10.258,19095135,01/09/2019 00:00:00,30/09/2021 00:00:00,1.700
10.258,20030860,01/03/2020 00:00:00,30/03/2023 00:00:00,26.720
10.258,20030861,01/03/2020 00:00:00,30/03/2023 00:00:00,3.280
10.268,AB19252,01/02/2020 00:00:00,30/01/2022 00:00:00,3.570
10.294,13931,01/05/2019 00:00:00,30/05/2021 00:00:00,1.280
10.296,AB25498,01/02/2020 00:00:00,30/01/2022 00:00:00,810
10.297,AB52087,01/05/2020 00:00:00,30/04/2022 00:00:00,39.500
10.297,AB52526,01/05/2020 00:00:00,30/04/2022 00:00:00,5.000
10.297,AB63506,01/07/2020 00:00:00,30/06/2022 00:00:00,10.500
10.309,ME10190677,01/07/2019 00:00:00,30/07/2024 00:00:00,17.000
10.366,4745,01/10/2020 00:00:00,30/10/2022 00:00:00,4.582
10.366,4746,01/11/2020 00:00:00,30/11/2022 00:00:00,5.550
10.378,AB52879,01/06/2020 00:00:00,30/05/2022 00:00:00,3.570
10.381,AB05761,01/12/2019 00:00:00,30/11/2021 00:00:00,23.492
10.381,AB11685,01/01/2020 00:00:00,30/12/2021 00:00:00,5.012
10.381,AB11693,01/01/2020 00:00:00,30/12/2021 00:00:00,23.184
10.386,AB62023,01/06/2020 00:00:00,30/05/2022 00:00:00,10.500
10.386,AB62451,01/06/2020 00:00:00,30/05/2022 00:00:00,20.500
10.387,2007463,01/07/2020 00:00:00,30/07/2022 00:00:00,1.601.250
10.387,2008326,01/07/2020 00:00:00,30/07/2022 00:00:00,855.750
10.393,AB19237,01/02/2020 00:00:00,30/01/2022 00:00:00,24.000
10.393,AB19241,01/02/2020 00:00:00,30/01/2022 00:00:00,27.630
10.393,AB19243,01/02/2020 00:00:00,30/01/2022 00:00:00,49.920
10.393,AB34852,01/04/2020 00:00:00,30/03/2022 00:00:00,22.350
10.407,AB71205,01/07/2020 00:00:00,30/06/2022 00:00:00,100
10.419,94580016,01/06/2020 00:00:00,30/06/2022 00:00:00,200
10.419,94580023,01/10/2020 00:00:00,30/10/2022 00:00:00,2.000
10.422,2007308,01/04/2020 00:00:00,30/04/2022 00:00:00,101
10.422,2012778,01/06/2020 00:00:00,30/06/2022 00:00:00,5.000
10.424,AB80296,01/08/2020 00:00:00,30/07/2022 00:00:00,9.030
10.483,AB65742,01/07/2020 00:00:00,30/06/2022 00:00:00,20.000
10.485,19J9167C,01/10/2019 00:00:00,30/10/2021 00:00:00,29.800
10.497,AB75614,01/08/2020 00:00:00,30/07/2023 00:00:00,56
10.500,200025,01/01/2020 00:00:00,30/01/2022 00:00:00,400
10.501,190682,01/11/2019 00:00:00,30/11/2021 00:00:00,540
10.503,,01/01/2000 00:00:00,31/12/9999 00:00:00,1
10.514,20040591,01/04/2020 00:00:00,30/04/2022 00:00:00,1.824
10.514,20050755,01/05/2020 00:00:00,30/05/2022 00:00:00,1.680
10.514,20050782,01/05/2020 00:00:00,30/05/2022 00:00:00,3.012
10.514,20060813,01/06/2020 00:00:00,30/06/2022 00:00:00,6.672
10.514,20060814,01/06/2020 00:00:00,30/06/2022 00:00:00,324
10.514,20060909,01/06/2020 00:00:00,30/06/2022 00:00:00,6.768
10.514,20060910,01/06/2020 00:00:00,30/06/2022 00:00:00,3.240
10.520,2795A,01/06/2020 00:00:00,30/06/2022 00:00:00,865
10.521,,01/01/2000 00:00:00,31/12/9999 00:00:00,3
10.551,20040187,01/04/2020 00:00:00,30/04/2022 00:00:00,680
10.551,20060327,01/06/2020 00:00:00,30/06/2022 00:00:00,720
10.570,AB45405,01/05/2020 00:00:00,30/04/2023 00:00:00,9.000
10.570,AB45910,01/05/2020 00:00:00,30/04/2023 00:00:00,10.500
10.570,AB46184,01/05/2020 00:00:00,30/04/2023 00:00:00,29.000
10.571,AB50419,01/05/2020 00:00:00,30/04/2022 00:00:00,421.000
10.572,AB50420,01/05/2020 00:00:00,30/04/2022 00:00:00,92.000
10.572,AB51119,01/05/2020 00:00:00,30/04/2022 00:00:00,102.000
10.612,200182,01/03/2020 00:00:00,30/03/2022 00:00:00,1
10.612,200394,01/06/2020 00:00:00,30/06/2022 00:00:00,2
10.612,200395,01/06/2020 00:00:00,30/06/2022 00:00:00,2.600
10.671,AA96567,01/11/2019 00:00:00,30/10/2021 00:00:00,56
10.680,19090147,01/09/2019 00:00:00,30/09/2022 00:00:00,925
10.681,AB34459,01/03/2020 00:00:00,28/02/2022 00:00:00,180
10.682,O02228,01/07/2020 00:00:00,30/07/2022 00:00:00,1.228.800
10.682,O02356,01/07/2020 00:00:00,30/07/2022 00:00:00,940.200
10.682,O02391,01/07/2020 00:00:00,30/07/2022 00:00:00,620.800
10.688,,01/01/2000 00:00:00,31/12/9999 00:00:00,2
10.710,2007168,01/05/2020 00:00:00,30/05/2022 00:00:00,14.760
10.711,COV20030060,01/03/2020 00:00:00,30/03/2022 00:00:00,151
10.711,COV20050065,01/05/2020 00:00:00,30/05/2022 00:00:00,175
10.726,17468,01/08/2020 00:00:00,30/08/2022 00:00:00,2.000
10.726,17470,01/08/2020 00:00:00,30/08/2022 00:00:00,3.000
10.741,20D23E,01/04/2020 00:00:00,30/04/2022 00:00:00,1.704
10.747,20030722,01/03/2020 00:00:00,30/03/2022 00:00:00,1.940
10.747,20030817,01/03/2020 00:00:00,30/03/2023 00:00:00,12.040
10.748,656784A,01/01/2020 00:00:00,30/01/2022 00:00:00,225
10.748,670112A,01/04/2020 00:00:00,30/04/2022 00:00:00,700
10.767,W86T,01/11/2019 00:00:00,30/11/2021 00:00:00,155.610
10.767,WV2G,01/11/2019 00:00:00,30/11/2021 00:00:00,386.967
10.773,AB46123,01/05/2020 00:00:00,30/04/2023 00:00:00,151.710
10.881,2014357,01/07/2020 00:00:00,30/07/2022 00:00:00,540.000
10.881,2014358,01/07/2020 00:00:00,30/07/2022 00:00:00,69.630
10.881,2014359,01/07/2020 00:00:00,30/07/2022 00:00:00,540.000
10.881,2014363,01/07/2020 00:00:00,30/07/2022 00:00:00,540.000
10.882,1918385,01/11/2019 00:00:00,30/11/2021 00:00:00,13
10.895,20005540,01/10/2020 00:00:00,30/10/2022 00:00:00,17.000
10.906,50146,01/06/2020 00:00:00,30/05/2022 00:00:00,12.968
10.924,MT20H032,01/08/2020 00:00:00,30/08/2022 00:00:00,61.400
10.924,MT20H033,01/09/2020 00:00:00,30/08/2022 00:00:00,33.000
10.950,BR120241,01/02/2020 00:00:00,30/01/2022 00:00:00,766.050
10.961,OSH10501,01/05/2020 00:00:00,30/05/2022 00:00:00,844
10.972,,01/01/2000 00:00:00,31/12/9999 00:00:00,1
10.982,,01/01/2000 00:00:00,31/12/9999 00:00:00,1
10.989,,01/01/2000 00:00:00,31/12/9999 00:00:00,1
11.006,80270,01/06/2020 00:00:00,30/06/2022 00:00:00,100
11.006,80375,01/06/2020 00:00:00,30/06/2022 00:00:00,8.000
11.006,80487,01/06/2020 00:00:00,30/06/2022 00:00:00,3.350
11.008,BR119398,01/12/2019 00:00:00,30/11/2021 00:00:00,54.900
11.024,9067249,01/03/2020 00:00:00,30/03/2022 00:00:00,60
11.024,9067256,01/04/2020 00:00:00,30/04/2022 00:00:00,960
11.025,AB09741,01/01/2020 00:00:00,30/12/2022 00:00:00,12.500
11.025,AB42336,01/04/2020 00:00:00,30/03/2023 00:00:00,12.000
11.047,78PF2063,01/06/2020 00:00:00,30/06/2022 00:00:00,2.300
11.047,78PF2066,01/06/2020 00:00:00,30/06/2022 00:00:00,5.000
11.091,B20B2263,01/02/2020 00:00:00,28/02/2022 00:00:00,93.630
11.099,251-027/20,01/09/2020 00:00:00,30/09/2022 00:00:00,17.820
11.099,251-028/20,01/09/2020 00:00:00,30/09/2022 00:00:00,38.395
11.099,25101620,01/08/2020 00:00:00,30/08/2022 00:00:00,1.000
11.099,25102720,01/09/2020 00:00:00,30/09/2022 00:00:00,42.050
11.141,58532,01/10/2020 00:00:00,30/10/2022 00:00:00,300.600
11.141,58541,01/10/2020 00:00:00,30/10/2022 00:00:00,700.200
11.154,,01/01/2000 00:00:00,31/12/9999 00:00:00,1
11.157,M005013,01/05/2020 00:00:00,30/04/2022 00:00:00,258.810
11.161,AB05757,01/12/2019 00:00:00,30/11/2021 00:00:00,26.070
11.161,AB11687,01/01/2020 00:00:00,30/12/2021 00:00:00,2.010
11.166,33720,01/07/2020 00:00:00,30/07/2022 00:00:00,210
11.167,415-045/20,01/07/2020 00:00:00,30/07/2022 00:00:00,4.424
11.168,,01/01/2000 00:00:00,31/12/9999 00:00:00,1
11.169,,01/01/2000 00:00:00,31/12/9999 00:00:00,2
11.180,42401319,01/07/2019 00:00:00,30/07/2021 00:00:00,56
11.181,19E50C,01/05/2019 00:00:00,30/05/2021 00:00:00,21
11.181,19E51C,01/05/2019 00:00:00,30/05/2021 00:00:00,7
11.181,19E52C,01/05/2019 00:00:00,30/05/2021 00:00:00,3
11.181,19E53C,01/05/2019 00:00:00,30/05/2021 00:00:00,11
11.181,19E54C,01/05/2019 00:00:00,30/05/2021 00:00:00,333
11.181,19H15J,01/08/2019 00:00:00,30/08/2021 00:00:00,25
11.182,20081332,01/08/2020 00:00:00,30/08/2022 00:00:00,300
11.182,20081338,01/08/2020 00:00:00,30/08/2022 00:00:00,1.000
11.200,20I0046,01/09/2020 00:00:00,30/09/2022 00:00:00,50
11.201,20F0007,01/05/2020 00:00:00,30/05/2022 00:00:00,1
11.202,20J0210,01/10/2020 00:00:00,30/10/2022 00:00:00,1.494
11.220,20436,01/06/2020 00:00:00,30/06/2023 00:00:00,10.530
11.220,20721,01/07/2020 00:00:00,30/07/2023 00:00:00,270
11.222,WFF20099,01/07/2020 00:00:00,30/07/2024 00:00:00,34.750
11.240,AB46121,01/05/2020 00:00:00,30/04/2023 00:00:00,388.500
11.240,AB62872,01/06/2020 00:00:00,30/05/2023 00:00:00,120.500
11.241,2019369,01/09/2020 00:00:00,30/03/2022 00:00:00,2.443.000
11.241,2019467,01/09/2020 00:00:00,30/03/2022 00:00:00,3.480.000
11.243,2019315,01/09/2020 00:00:00,30/09/2022 00:00:00,10.245
11.243,2019320,01/09/2020 00:00:00,30/09/2022 00:00:00,30.000
11.244,2016406,01/08/2020 00:00:00,30/08/2023 00:00:00,6.800
11.244,2016480,01/08/2020 00:00:00,30/08/2023 00:00:00,940
11.245,2016551,01/07/2020 00:00:00,30/07/2022 00:00:00,39.870
11.245,2018050,01/08/2020 00:00:00,30/08/2022 00:00:00,540.000
11.245,2018093,01/08/2020 00:00:00,30/08/2022 00:00:00,1.164.000
11.245,2018193,01/08/2020 00:00:00,30/08/2022 00:00:00,1.308.000
11.245,2018270,01/08/2020 00:00:00,30/08/2022 00:00:00,1.296.000
11.245,2018271,01/08/2020 00:00:00,30/08/2022 00:00:00,1.080.000
11.245,2018379,01/09/2020 00:00:00,30/09/2022 00:00:00,1.254.000
11.245,2018430,01/09/2020 00:00:00,30/09/2022 00:00:00,810.000
11.316,FS20H069,01/09/2020 00:00:00,30/08/2022 00:00:00,26.000
11.316,FS20I070,01/09/2020 00:00:00,30/09/2022 00:00:00,22.000
11.335,2010396,01/08/2020 00:00:00,30/08/2022 00:00:00,500
11.335,2010406,01/08/2020 00:00:00,30/08/2022 00:00:00,99.000
11.338,,01/01/2000 00:00:00,31/12/9999 00:00:00,1
11.345,A12706C,01/06/2019 00:00:00,30/05/2021 00:00:00,800
11.346,100520,01/05/2020 00:00:00,30/05/2025 00:00:00,25.000
11.350,87305219,01/06/2019 00:00:00,30/06/2021 00:00:00,2.700
11.353,9071035,01/04/2020 00:00:00,30/04/2022 00:00:00,3.000
11.356,2019226,01/08/2020 00:00:00,30/08/2022 00:00:00,23.040
11.356,2019345,01/08/2020 00:00:00,30/08/2022 00:00:00,4.800
11.356,2021193,01/10/2020 00:00:00,30/10/2022 00:00:00,1.274.370
11.370,21392,01/01/2020 00:00:00,30/01/2022 00:00:00,393.660
11.370,23241,01/05/2020 00:00:00,30/05/2022 00:00:00,16.800
11.400,58129,01/09/2020 00:00:00,30/09/2022 00:00:00,260
11.400,58137,01/09/2020 00:00:00,30/09/2022 00:00:00,21.080
11.400,58138,01/09/2020 00:00:00,30/09/2022 00:00:00,224.660
11.400,58139,01/09/2020 00:00:00,30/09/2022 00:00:00,274.040
11.400,58140,01/09/2020 00:00:00,30/09/2022 00:00:00,468.860
11.400,58141,01/09/2020 00:00:00,30/09/2022 00:00:00,11.780
11.419,,01/01/2000 00:00:00,31/12/9999 00:00:00,4